 23 
ID,Name,ShortName,Games,Prestige,Divisions,DivisionOne,DivisionTwo,TourneyTeams,TDay1,TDay2,TDay3,TDay4,TDay5,SeedDiv,D1,D2,D3,TourneyBirth,TourneyType
1,California Collegiate Athletic Asso,CCAA,20,3,1,,,8,181,182,183,184,0,0,wed,sat,mon,1,0
2,Central Atlantic Collegiate Confere,CACC,18,3,2,North,South,12,181,182,183,184,0,1,wed,sat,mon,1,0
3,Central Intercollegiate Athletics A,CIAA,20,3,2,North,South,11,181,182,183,184,0,0,wed,sat,mon,1,0
4,Conference of Carolinas,CC,18,3,1,,,8,181,182,183,184,0,0,wed,sat,mon,1,0
5,East Coast Conference,ECC,14,3,1,,,8,181,182,183,184,0,0,wed,sat,mon,1,0
6,Great Lakes Intercollegiate Athleti,GLIAC,20,3,2,North,South,8,181,182,183,184,0,0,wed,sat,mon,1,0
7,Great Lakes Valley Conference,GLVC,18,3,1,,,14,181,182,183,184,0,0,wed,sat,mon,1,0
8,Great Northwest Athletic Conference,GNAC,16,3,1,,,8,181,182,183,184,0,0,wed,sat,mon,1,0
9,Gulf South Conference,GSC,18,3,2,East,West,12,181,182,183,184,0,1,wed,sat,mon,1,0
10,Heartland Conference,HC,14,3,1,,,8,181,182,183,184,0,0,wed,sat,mon,1,0
11,Independents,IND,0,1,1,,,0,0,0,0,0,0,0,wed,sat,mon,0,0
12,Lone Star Conference,LSC,16,3,1,,,8,181,182,183,184,0,0,wed,sat,mon,1,0
13,Mid-America Intercollegiate Athleti,MIAA,20,3,1,,,12,181,182,183,184,0,0,wed,sat,mon,1,0
14,Northeast-10,NE-10,20,3,1,,,8,181,182,183,184,0,0,wed,sat,mon,1,0
15,Northern Sun Intercollegiate Confer,NSIC,20,3,1,,,8,181,182,183,184,0,0,wed,sat,mon,1,0
16,Pacific West Conference,PWC,16,3,1,,,9,181,182,183,184,0,0,wed,sat,mon,1,0
17,Peach Belt Conference,PBC,18,3,1,,,8,181,182,183,184,0,0,wed,sat,mon,1,0
18,Pennsylvania State Athletic Confere,PSAC,18,3,1,,,8,181,182,183,184,0,0,wed,sat,mon,1,0
19,Rocky Mountain Athletic Conference,RMAC,20,3,1,,,8,181,182,183,184,0,0,wed,sat,mon,1,0
20,South Atlantic Conference,SAC,16,3,1,,,8,181,182,183,184,0,0,wed,sat,mon,1,0
21,Southern Intercollegiate Athletic C,SIAC,18,3,1,,,8,181,182,183,184,0,0,wed,sat,mon,1,0
22,Sunshine State Conference,SSC,16,3,1,,,8,181,182,183,184,0,0,wed,sat,mon,1,0
23,West Virginia Intercollegiate Athle,WVIAC,20,3,1,,,14,181,182,183,184,0,0,wed,sat,mon,1,0
