 280 
ID,Name,Mascot,Prestige,Abbr,Logo,City,State,Conference,Division,TeamColor,TravelPart,Lat,Long,Academics
1,Cal Poly Pomona,Broncos,70,CPP  ,CPP,Pomona,CA,1,1,#008040,0,34.05483,-117.750034,1
2,Cal State Dominquez Hills,Toros,59,CSDH ,CSDH,Carson,CA,1,1,#800000,0,33.83161,-118.262119,1
3,Cal State East Bay,Pioneers,44,CSEB ,CSEB,Hayward,CA,1,1,#FF4848,0,37.671197,-122.086137,1
4,Cal State Los Angeles,Golden Eagles,48,CSLA ,CSLA,Los Angeles,CA,1,1,#D2D200,0,34.05349,-118.245319,1
5,Cal State Monterey Bay,Otters,43,CSMB ,CSMB,Seaside,CA,1,1,#004080,0,36.603883,-121.852664,1
6,Cal State San Bernardino,Coyotes,74,CSSB ,CSSB,San Bernardino,CA,1,1,#0080C0,0,34.105245,-117.294124,1
7,Cal State Stanislaus,Warriors,33,CSST ,CSST,Turlock,CA,1,1,#EC0000,0,37.495015,-120.846419,1
8,Chico State,Wildcats,35,CHST ,CHST,Chico,CA,1,1,#C60063,0,39.73201,-121.841985,1
9,Humboldt State,Jacks,73,HST  ,HST,La Jolla,CA,1,1,#008040,0,32.842592,-117.272276,1
10,San Francisco State,Gators,47,SFST ,SFST,San Francisco,CA,1,1,#008000,0,37.777125,-122.419644,1
11,Sonoma State,Seawolves,45,SSU  ,SSU,Ronhert Park,CA,1,1,#004080,0,50.62368,-99.969414,1
12,UC San Diego,Tritons,50,UCSD ,UCSD,San Diego,CA,1,1,#0000A0,0,32.715695,-117.161719,1
13,Bloomfield,Deacons,59,BC   ,BC,Bloomfield,NJ,2,1,#000000,0,40.791907,-74.195733,1
14,Caldwell,Cougars,41,CC   ,CC,Caldwell,NJ,2,1,#CE0000,0,40.841437,-74.276645,1
15,Chestnut Hill,Griffins,38,CHC  ,CHC,Philadelphia,PA,2,2,#800000,0,39.95227,-75.162369,1
16,Concordia (NY),Clippers,31,CNY  ,CNY,Bronxville,NY,2,1,#0000FF,0,40.936062,-73.831224,1
17,Dominican (NY),Chargers,43,DNY  ,DNY,Orangeburg,NY,2,1,#804040,0,41.05383,-73.946683,1
18,Felician,Golden Falcons,54,FC   ,FC,Lodi,NJ,2,1,#408080,0,40.877257,-74.085451,1
19,Goldey-Beacom,Lightning,56,GBC  ,GBC,Wilmington,DE,2,2,#000080,0,39.740235,-75.550844,1
20,Holy Family,Tigers,45,HFU  ,HFU,Philadelphia,PA,2,2,#0080C0,0,39.95227,-75.162369,1
21,Nyack,Warriors,39,NC   ,NC,Nyack,NY,2,1,#000080,0,41.09127,-73.918159,1
22,Philadelphia,Rams,72,PHIU ,PHIU,Philadelphia,PA,2,2,#800040,0,39.95227,-75.162369,1
23,Post,Eagles,53,POST ,POST,Waterbury,CT,2,1,#008040,0,41.554077,-73.046179,1
24,USP,Devils,37,USP  ,USP,Philadelphia,PA,2,2,#B00058,0,39.95227,-75.162369,1
25,Wilmington,Wildcats,26,WC   ,WC,New Castle,DE,2,2,#008040,0,39.65977,-75.563939,1
26,Bowie State,Bulldogs,63,BWSU ,BWSU,Bowie,MD,3,1,#000000,0,38.96097,-76.740474,1
27,Chowan,Hawks,53,CHOW ,CHOW,Murfreesboro,NC,3,1,#0080C0,0,36.442363,-77.098209,1
28,Elizabeth City,Vikings,63,ECSU ,ECSU,Elizabeth City,NC,3,1,#004080,0,36.301505,-76.219759,1
29,Fayetteville State,Broncos,45,FSU  ,FSU,Fayetteville,NC,3,2,#0080FF,0,35.054495,-78.877579,1
30,Johnson C. Smith,Golden Bulls,68,JSCU ,JSCU,Charlotte,NC,3,2,#000000,0,35.2225,-80.837539,1
31,Lincoln (PA),Lions,34,LUPA ,LUPA,Lincoln University,PA,3,1,#0000A0,0,39.782501,-75.875801,1
32,Livingstone,Blue Bears,43,LC   ,LC,Salisbury,NC,3,2,#8080FF,0,35.666934,-80.469354,1
33,Saint Augustine's,Falcons,70,SAC  ,SAC,Raleigh,NC,3,2,#004080,0,35.78551,-78.642669,1
34,Saint Paul's,Tigers,29,SPC  ,SPC,Lawrenceville,VA,3,1,#000000,0,36.761678,-77.845048,1
35,Shaw,Bears,32,SHAW ,SHAW,Raleigh,NC,3,2,#AE0000,0,35.78551,-78.642669,1
36,Virginia State,Trojans,45,VSU  ,VSU,Petersburg,VA,3,1,#400040,0,37.228155,-77.403479,1
37,Virginia Union,Panthers,74,VUU  ,VUU,Richmond,VA,3,1,#800040,0,37.5407,-77.433654,1
38,Winston-Salem State,Rams,50,WSSU ,WSSU,Winston-Salem,NC,3,2,#FF0000,0,36.099625,-80.241094,1
39,Barton,Bulldogs,71,BART ,BART,Wilson,NC,4,1,#004080,0,35.721714,-77.916158,1
40,Belmont Abbey,Crusaders,52,BAC  ,BAC,Belmont,NC,4,1,#800000,0,35.244203,-81.038028,1
41,Coker,Cobras,38,COKE ,COKE,Hartsville,SC,4,1,#004080,0,34.375025,-80.07375,1
42,Erskine,Flying Fleet,38,ERSK ,ERSK,Due West,SC,4,1,#BF6000,0,34.333225,-82.388674,1
43,Lees-McRae,Bobcats,15,LMC  ,LMC,Banner Elk,NC,4,1,#004040,0,36.16324,-81.872079,1
44,Limestone,Saints,53,LIME ,LIME,Gaffney,SC,4,1,#004080,0,35.073624,-81.648667,1
45,Mount Olive,Trojans,74,MOC  ,MOC,Mount Olive,NC,4,1,#004000,0,35.197565,-78.069204,1
46,Pfeiffer,Falcons,64,PFEI ,PFEI,Misenheimer,NC,4,1,#D4A017,0,35.484638,-80.286949,1
47,Queens (NC),Royals,52,QNC  ,QNC,Charlotte,NC,4,1,#000080,0,35.2225,-80.837539,1
48,Saint Andrews,Knights,28,SAPC ,SAPC,Laurinburg,NC,4,1,#400080,0,34.774342,-79.463368,1
49,Bridgeport,Purple Knights,66,UB   ,UB,Bridgeport,CT,5,1,#400080,0,41.18188,-73.191269,1
50,C.W. Post,Pioneers,81,CWP  ,CWP,Brookeville,NY,5,1,#004000,0,40.799876,-73.561546,1
51,Dowling,Golden Lions,32,DC   ,DC,Oakdale,NY,5,1,#004080,0,40.742696,-73.132855,1
52,Mercy,Mavericks,13,MC   ,MC,Dobbs Ferry,NY,5,1,#004080,0,41.01519,-73.874889,1
53,Molloy,Lions,38,MOLL ,MOLL,Rockville Centre,NY,5,1,#800040,0,40.65931,-73.645469,1
54,New York Tech,Bears,55,NYIT ,NYIT,Old Westbury,NY,5,1,#804000,0,40.781238,-73.600305,1
55,Queens (NY),Knights,41,QNY  ,QNY,Flushing,NY,5,1,#000040,0,40.763585,-73.830029,1
56,Saint Thomas Aquinas,Spartans,40,STAC ,STAC,Sparkill,NY,5,1,#804040,0,41.026008,-73.926533,1
57,Ashland,Eagles,47,ASH  ,ASH,Ashland,OH,6,2,#800080,0,40.86865,-82.315344,1
58,Ferris State,Bulldogs,44,FEST ,FEST,Big Rapids,MI,6,1,#804040,0,43.69832,-85.480829,1
59,Findlay,Oilers,89,FIND ,FIND,Findlay,OH,6,2,#FF8000,0,41.0374,-83.650288,1
60,Grand Valley State,Lakers,81,GVSU ,GVSU,Allendale,MI,6,1,#0080C0,0,42.972235,-85.943159,1
61,Hillsdale,Chargers,55,HILL ,HILL,Hillsdale,MI,6,2,#000080,0,41.922915,-84.631842,1
62,Lake Erie,Storm,56,LEC  ,LEC,Painesville,OH,6,2,#000000,0,41.724205,-81.245244,1
63,Lake Superior,Lakers,50,LSSU ,LSSU,Sault Ste. Marie,MI,6,1,#8000FF,0,46.49231,-84.351719,1
64,Michigan Tech,Huskies,44,MTU  ,MTU,Houghton,MI,6,1,#FFFF80,0,47.12186,-88.570024,1
65,Northern Michigan,Wildcats,43,NMU  ,NMU,Marquette,MI,6,1,#000000,0,46.54584,-87.413684,1
66,Northwood,Timberwolves,42,NWD  ,NWD,Midland,MI,6,1,#0000A0,0,43.61708,-84.245059,1
67,Ohio Dominican,Panthers,33,ODU  ,ODU,Columbus,OH,6,2,#D2D200,0,39.96196,-83.002984,1
68,Saginaw Valley,Cardinal,46,SVSU ,SVSU,University City,MI,6,1,#CE0000,0,38.656471,-90.310158,1
69,Tiffin,Dragons,11,TIFF ,TIFF,Tiffin,OH,6,2,#008040,0,41.115224,-83.176669,1
70,Wayne State,Warriors,46,WSU  ,WSU,Detroit,MI,6,2,#D4A017,0,42.331685,-83.047924,1
71,Bellarmine,Knights,65,BELL ,BELL,Louisville,KY,7,1,#800040,0,38.25486,-85.766404,1
72,Drury,Panthers,69,DRUR ,DRUR,Springfield,MO,7,1,#AA5555,0,37.208975,-93.291564,1
73,Illinois-Springfield,Prairie Stars,46,UIS  ,UIS,Springfield,IL,7,1,#0000FF,0,39.801055,-89.643604,1
74,Indianapolis,Greyhounds,44,UIND ,UIND,Indianapolis,IN,7,1,#800040,0,39.76691,-86.149964,1
75,Kentucky Wesleyan,Panthers,70,KWC  ,KWC,Owensboro,KY,7,1,#8000FF,0,37.77421,-87.113509,1
76,Lewis,Flyers,59,LEW  ,LEW,Romeoville,IL,7,1,#FF0000,0,41.64444,-88.082024,1
77,Maryville,Saints,35,MARY ,MARY,St. Louis,MO,7,1,#C84040,0,38.62774,-90.199514,1
78,Missouri-St. Louis,Tritons,41,UMSL ,UMSL,St. Louis,MO,7,1,#CE0000,0,38.62774,-90.199514,1
79,Missouri S&T,Miners,24,MS&T ,MS&T,Rolla,MO,7,1,#008000,0,37.951449,-91.767439,1
80,Northern Kentucky,Norse,70,NKU  ,NKU,Highland Heights,KY,7,1,#D2D200,0,39.036058,-84.454147,1
81,Quincy,Hawks,63,QILL ,QILL,Quincy,IL,7,1,#804000,0,39.935599,-91.395829,1
82,Rockhurst,Hawks,54,ROCK ,ROCK,Kansas City,MO,7,1,#0000FF,0,39.10296,-94.583062,1
83,Southern Indiana,Screaming Eagles,77,USI  ,USI,Evansville,IN,7,1,#0000FF,0,37.976911,-87.564125,1
84,St. Joseph's,Pumas,58,SJC  ,SJC,Rensselaer,IN,7,1,#800040,0,40.936125,-87.150354,1
85,Wisconsin-Parkside,Rangers,45,UWP  ,UWP,Kenosha,WI,7,1,#004000,0,42.588075,-87.823654,1
86,Alaska-Anchorage,Seawolves,67,AKA  ,AKA,Anchorage,AK,8,1,#004000,0,61.21759,-149.858354,1
87,Alaska-Fairbanks,Nooks,35,AKF  ,AKF,Fairbanks,AK,8,1,#0079F2,0,64.845085,-147.722059,1
88,Central Washington,Wildcats,65,CWU  ,CWU,Ellensburg,WA,8,1,#800000,0,46.99704,-120.54872,1
89,Montana State-Billings,Jackets,30,MSUB ,MSUB,Billings,MT,8,1,#D4A017,0,45.783975,-108.505794,1
90,Northwest Nazarene,Crusaders,52,NNU  ,NNU,Nampa,ID,8,1,#C64054,0,43.582635,-116.569624,1
91,Seattle Pacific,Falcons,70,SPU  ,SPU,Seattle,WA,8,1,#9F0050,0,47.60356,-122.329439,1
92,St. Martin's,Saints,53,SMU  ,SMU,Lacey,WA,8,1,#FF0000,0,47.044445,-122.823189,1
93,Western Oregon,Wolves,44,WOU  ,WOU,Monmouth,OR,8,1,#CE0000,0,44.84856,-123.236254,1
94,Western Washington,Vikings,65,WWU  ,WWU,Bellingham,WA,8,1,#000040,0,48.75235,-122.471219,1
95,Alabama-Huntsville,Chargers,62,UAH  ,UAH,Huntsville,AL,9,1,#0000A0,0,34.729135,-86.584979,1
96,Arkansas-Monticello,Weevils,55,UAM  ,UAM,Monticello,AR,9,2,#00AA00,0,33.62778,-91.790974,1
97,Arkansas Tech,Wonder Boys,64,ARTU ,ARTU,Russellville,AR,9,2,#004000,0,35.27827,-93.134825,1
98,Christian Brothers,Bucs,71,CBU  ,CBU,Memphis,TN,9,1,#000000,0,35.14968,-90.048929,1
99,Delta State,Statesmen,65,DSU  ,DSU,Cleveland,MS,9,2,#00FF00,0,33.747525,-90.717024,1
100,Harding,Bisons,58,HARD ,HARD,Searcy,AR,9,2,#808040,0,35.25082,-91.740154,1
101,Henderson State,Reddies,35,HSU  ,HSU,Arkadelphia,AR,9,2,#CE0000,0,34.12097,-93.054129,1
102,North Alabama,Lions,60,UNAL ,UNAL,Florence,AL,9,1,#400040,0,34.800465,-87.675254,1
103,Ouachita Baptist,Tigers,49,OBU  ,OBU,Arkadelphia,AR,9,2,#800080,0,34.12097,-93.054129,1
104,Southern Arkansas,Muleriders,40,SAU  ,SAU,Magnolia,AR,9,2,#D4A017,0,33.267485,-93.240879,1
105,Valdosta State,Blazers,74,VAST ,VAST,Valdosta,GA,9,1,#CE0000,0,30.834729,-83.280929,1
106,West Alabama,Tigers,42,UWAL ,UWAL,Livingston,AL,9,1,#000000,0,32.583785,-88.186874,1
107,West Florida,Argonauts,45,UWF  ,UWF,Boca Raton,FL,9,1,#004080,0,26.35049,-80.089004,1
108,West Georgia,Wolves,45,UWG  ,UWG,Carrollton,GA,9,1,#004080,0,33.580994,-85.078441,1
109,Arkansas-Fort Smith,Lions,33,UAFS ,UAFS,Fort Smith,AR,10,1,#004080,0,35.3846,-94.421299,1
110,Dallas Baptist,Patriots,56,DBU  ,DBU,Dallas,TX,10,1,#CE0000,0,32.778155,-96.795404,1
111,Newman,Jets,53,NEWM ,NEWM,Wichita,KS,10,1,#0000A0,0,37.68698,-97.335579,1
112,Oklahoma Panhandle State,Aggies,29,OPSU ,OPSU,Goodwell,OK,10,1,#004080,0,36.59137,-101.629314,1
113,Saint Edward's,Hilltoppers,66,SEU  ,SEU,Austin,TX,10,1,#D4A017,0,30.267605,-97.742984,1
114,Saint Mary's,Rattlers,58,STMU ,STMU,San Antonio,TX,10,1,#0000FF,0,29.42449,-98.494624,1
115,Texas-Permian Basin,Falcons,29,UTPB ,UTPB,Odessa,TX,10,1,#FF8040,0,31.84915,-102.375189,1
116,Texas A&M International,Dustdevils,40,TAMI ,TAMI,Laredo,TX,10,1,#A40000,0,27.53092,-99.502009,1
117,Central State,Marauders,79,CSTU ,CSTU,Wilberforce,OH,11,1,#800040,0,39.711794,-83.88689,1
118,District of Columbia,Firebirds,46,UDC  ,UDC,Washington,DC,11,1,#D4A017,0,38.89037,-77.031959,1
119,North Greenville,Crusaders,45,NGU  ,NGU,Tigerville,SC,11,1,#CE0000,0,35.070339,-82.369209,1
120,Oakland City,Mighty Oaks,57,OCU  ,OCU,Oakland City,IN,11,1,#0000A0,0,38.334108,-87.345139,1
121,Palm Beach Atlantic,Sailfish,19,PBA  ,PBA,West Palm Beach,FL,11,1,#000080,0,26.714388,-80.052689,1
122,Salem International,Fighting Tigers,23,SIU  ,SIU,Salem,WV,11,1,#008000,0,39.282681,-80.558427,1
123,Urbana,Blue Knights,52,UU   ,UU,Urbana,OH,11,1,#0080C0,0,40.108845,-83.752414,1
124,Washington Adventist,Pioneers,12,WAU  ,WAU,Takoma Park,MD,11,1,#8080FF,0,38.981265,-77.009879,1
125,Abilene Christian,Wildcats,44,ACU  ,ACU,Abilene,TX,12,1,#400080,0,32.449175,-99.741424,1
126,Angelo State,Rams,57,ANGS ,ANGS,San Angelo,TX,12,1,#000080,0,31.4615,-100.442424,1
127,Cameron,Aggies,39,CU   ,CU,Lawton,OK,12,1,#000000,0,34.605185,-98.389919,1
128,Central Oklahoma,Bronchos,74,UCO  ,UCO,Edmond,OK,12,1,#004080,0,35.654905,-97.478129,1
129,East Central,Tigers,34,ECU  ,ECU,Ada,OK,12,1,#FF8000,0,34.77507,-96.678689,1
130,Eastern New Mexico,Greyhounds,30,ENMU ,ENMU,Portales,NM,12,1,#008000,0,34.18431,-103.339604,1
131,Incarnate Word,Cardinals,69,UIW  ,UIW,San Antonio,TX,12,1,#FF0000,0,29.42449,-98.494624,1
132,Midwestern State,Mustangs,76,MWSU ,MWSU,Wichita Falls,TX,12,1,#804040,0,33.90831,-98.500994,1
133,Northeastern State,Riverhawks,50,NSOK ,NSOK,Tahlequah,OK,12,1,#004040,0,35.91136,-94.972649,1
134,Southeastern Oklahoma,Savage Storm,40,SEOK ,SEOK,Durant,OK,12,1,#400080,0,33.993208,-96.386024,1
135,Southwestern Oklahoma,Bulldogs,61,SWOSU,SWOSU,Weatherford,OK,12,1,#004080,0,35.52608,-98.707034,1
136,Tarleton State,Texans,71,TSU  ,TSU,Stephenville,TX,12,1,#8000FF,0,32.22032,-98.201954,1
137,Texas A&M - Commerce,Lions,56,TAMC ,TAMC,Commerce,TX,12,1,#0000A0,0,33.25044,-95.898194,1
138,Texas A&M - Kingsville,Javelinas,60,TAMK ,TAMK,Kingsville,TX,12,1,#0080C0,0,27.515735,-97.855429,1
139,West Texas A&M,Buffs,62,WTAM ,WTAM,Canyon,TX,12,1,#800040,0,34.985605,-101.936274,1
140,Central Missouri,Mules,82,UCMO ,UCMO,Warrensburg,MO,13,1,#FF0000,0,38.771224,-93.741149,1
141,Emporia State,Hornets,58,EMPS ,EMPS,Emporia,KS,13,1,#F4F400,0,38.405605,-96.180154,1
142,Fort Hays,Tigers,64,FHSU ,FHSU,Hays,KS,13,1,#000000,0,38.87094,-99.332239,1
143,Lincoln (MO),Blue Tigers,22,LUMO ,LUMO,Jefferson City,MO,13,1,#004080,0,38.577515,-92.177839,1
144,Missouri Southern,Tigers,55,MSSU ,MSSU,Joplin,MO,13,1,#008040,0,37.084761,-94.513469,1
145,Missouri Western,Griffons,46,MOWS ,MOWS,St. Joseph,MO,13,1,#000000,0,39.7666,-94.856074,1
146,Nebraska-Omaha,Mavericks,64,UNEO ,UNEO,Omaha,NE,13,1,#FF4848,0,41.260675,-95.940469,1
147,Northwest Missouri,Bearcats,62,NWMO ,NWMO,Maryville,MO,13,1,#004000,0,40.347457,-94.872909,1
148,Pittsburg State,Gorillas,49,PITT ,PITT,Pittsburg,KS,13,1,#804040,0,37.410595,-94.704804,1
149,Southwest Baptist,Bearcats,70,SBU  ,SBU,Bolivar,MO,13,1,#8000FF,0,37.614369,-93.411904,1
150,Truman,Bulldogs,29,TRUM ,TRUM,Kirksville,MO,13,1,#800080,0,40.19426,-92.571994,1
151,Washburn,Ichabods,50,WASH ,WASH,Topeka,KS,13,1,#0000A0,0,39.049285,-95.671184,1
152,Adelphi,Panthers,65,ADEL ,ADEL,Garden City,NY,14,1,#D4A017,0,40.72605,-73.636909,1
153,American International,Yellow Jackets,49,AIC  ,AIC,Springfield,MA,14,1,#000000,0,42.10125,-72.589294,1
154,Assumption,Greyhounds,57,AC   ,AC,Worcester,MA,14,1,#C0C0C0,0,42.26299,-71.802354,1
155,Bentley,Falcons,88,BENT ,BENT,Waltham,MA,14,1,#0000A0,0,42.37644,-71.235324,1
156,Franklin Pierce,Ravens,42,FPC  ,FPC,Rindge,NH,14,1,#A80000,0,42.755298,-72.005812,1
157,Le Moyne,Dolphins,57,LMC  ,LMC,Syracuse,NY,14,1,#004000,0,43.04999,-76.147389,1
158,Massachusetts-Lowell,River Hawks,53,UML  ,UML,Lowell,MA,14,1,#004080,0,42.64589,-71.312844,1
159,Merrimack,Warriors,57,MERM ,MERM,North Andover,MA,14,1,#000080,0,42.703095,-71.13124,1
160,New Haven,Chargers,30,UNH  ,UNH,West Haven,CT,14,1,#004080,0,41.271948,-72.950717,1
161,Pace,Setters,45,PACE ,PACE,New York,NY,14,1,#000080,0,40.71455,-74.007124,1
162,Saint Anselm,Hawks,56,SAC  ,SAC,Manchester,NH,14,1,#0080C0,0,42.991175,-71.463089,1
163,Saint Michael's,Purple Knights,41,STMC ,STMC,Colchester,CT,14,1,#008080,0,41.574464,-72.328583,1
164,Saint Rose,Golden Knights,61,ROSE ,ROSE,Albany,NY,14,1,#000000,0,42.651445,-73.755254,1
165,Southern Connecticut Stat,Owls,17,SCSU ,SCSU,New Haven,CT,14,1,#004080,0,41.30713,-72.924979,1
166,Southern New Hampshire,Penmen,45,SNHU ,SNHU,Manchester,NH,14,1,#CE0000,0,42.991175,-71.463089,1
167,Stonehill,Skyhawks,66,SHC  ,SHC,Easton,MA,14,1,#400080,0,42.07473,-71.088847,1
168,Augustana,Vikings,69,AUG  ,AUG,Sioux Falls,SD,15,1,#004080,0,43.54535,-96.731284,1
169,Bemidji State,Beavers,28,BEM  ,BEM,Bemidji,MN,15,1,#008080,0,47.473145,-94.879649,1
170,Concordia-St. Paul,Golden Bears,56,CUSP ,CUSP,St. Paul,MN,15,1,#400040,0,44.943829,-93.093326,1
171,Mary,Marauders,35,MARY ,MARY,Bismark,ND,15,1,#000000,0,46.805371,-100.779319,1
172,Minnesota-Crookston,Golden Eagles,17,UMNC ,UMNC,Crookston,MN,15,1,#D4A017,0,47.77423,-96.606454,1
173,Minnesota-Duluth,Bulldogs,45,UMND ,UMND,Duluth,MN,15,1,#000000,0,46.787965,-92.099849,1
174,Minnesota State,Mavericks,78,MNST ,MNST,Mankato,MN,15,1,#800080,0,44.167404,-94.002416,1
175,MSU Moorehead,Dragons,43,MSUM ,MSUM,South Moorhead,MN,15,1,#FF0000,0,46.875045,-96.771664,1
176,Northern State,Wolves,69,NSU  ,NSU,Aberdeen,SD,15,1,#800000,0,45.45909,-98.487324,1
177,Southwest Minnesota,Mustangs,67,SWMN ,SWMN,Marshall,MN,15,1,#6A3500,0,44.44901,-95.791673,1
178,St. Cloud,Huskies,70,MNSC ,MNSC,St. Cloud,MN,15,1,#9F0000,0,45.56586,-94.197519,1
179,Upper Iowa,Peacocks,26,UIU  ,UIU,Fayette,IA,15,1,#003F7D,0,42.842065,-91.801494,1
180,Wayne State (NE),Wildcats,50,WSC  ,WSC,Wayne,NE,15,1,#000000,0,42.23083,-97.017809,1
181,Winona State,Warriors,85,WNST ,WNST,Winona,MN,15,1,#000080,0,44.051295,-91.638594,1
182,Academy of Art,Urban Knights,8,AAU  ,AAU,San Francisco,CA,16,1,#CE0000,0,37.777125,-122.419644,1
183,BYU-Hawai'i,Seasiders,79,BYUH ,BYUH,Laie,HI,16,1,#CE0000,0,21.648314,-157.922975,1
184,Chaminade,Silverswords,57,CHAM ,CHAM,Honolulu,HI,16,1,#000000,0,21.30477,-157.857614,1
185,Dixie State,Red Storm,58,DXSC ,DXSC,St. George,UT,16,1,#004080,0,37.109075,-113.583304,1
186,Dominican (CA),Penguins,37,DUC  ,DUC,San Rafael,CA,16,1,#FFFF00,0,37.97457,-122.532474,1
187,Grand Canyon,Antelopes,54,GCU  ,GCU,Phoenix,AZ,16,1,#800080,0,33.44826,-112.075774,1
188,Hawai'i-Hilo,Vulcans,47,HILO ,HILO,Hilo,HI,16,1,#FF0000,0,19.719235,-155.081864,1
189,Haiwai'i Pacific,Sea Warriors,43,HIPA ,HIPA,Honolulu,HI,16,1,#06AEFF,0,21.30477,-157.857614,1
190,Notre Dame de Namur,Argonauts,27,NDNU ,NDNU,Belmont,CA,16,1,#0080C0,0,37.51834,-122.276209,1
191,Armstrong Atlantic,Pirates,63,AASU ,AASU,Savannah,GA,17,1,#800000,0,32.08078,-81.090719,1
192,Augusta State,Jaguars,83,AUST ,AUST,Augusta,GA,17,1,#000080,0,33.47909,-81.975309,1
193,Clayton State,Lakers,60,CLAY ,CLAY,Morrow,GA,17,1,#D76B00,0,33.58335,-84.340534,1
194,Columbus State,Cougars,44,COST ,COST,Columbus,GA,17,1,#000080,0,32.462925,-84.987629,1
195,Flagler,Saints,53,FLAG ,FLAG,St. Augustine,FL,17,1,#CE0000,0,29.892128,-81.314255,1
196,Francis Marion,Patriots,49,FMU  ,FMU,Florence,SC,17,1,#0000A0,0,34.19363,-79.769059,1
197,Georgia College & State,Bobcats,72,GCSU ,GCSU,Milledgeville,GA,17,1,#008040,0,33.081411,-83.226219,1
198,Georgia Southwestern,Hurricanes,37,GASW ,GASW,Americus,GA,17,1,#D4A017,0,32.07274,-84.232564,1
199,Lander,Bearcats,46,LAND ,LAND,Greenwood,SC,17,1,#004080,0,34.191046,-82.160744,1
200,Montevallo,Falcons,63,MONT ,MONT,Montevallo,AL,17,1,#400080,0,33.100615,-86.862594,1
201,North Georgia,Saints,50,NGCS ,NGCS,Dahlonega,GA,17,1,#004080,0,34.533057,-83.984185,1
202,UNC-Pembroke,Braves,26,UNCP ,UNCP,Pembroke,NC,17,1,#000000,0,34.679251,-79.193043,1
203,USC-Aiken,Pacers,64,USCA ,USCA,Aiken,SC,17,1,#004080,0,33.561645,-81.722139,1
204,Bloomsburg,Huskies,35,BU   ,BU,Bloomsburg,PA,18,1,#800040,0,41.00461,-76.453269,1
205,California (PA),Vulcans,69,CUPA ,CUPA,California,PA,18,1,#000000,0,40.0668,-79.892349,1
206,Cheyney,Wolves,60,CHEY ,CHEY,Cheyney,PA,18,1,#0080FF,0,39.930924,-75.524064,1
207,Clarion,Golden Eagles,52,CLAR ,CLAR,Clarion,PA,18,1,#0000FF,0,41.214595,-79.385259,1
208,East Stroudsburg,Warriors,67,EAST ,EAST,East Stroudsburg,PA,18,1,#000000,0,40.99455,-75.178064,1
209,Edinboro,Fighting Scots,63,EDIN ,EDIN,Edinboro,PA,18,1,#FF5959,0,41.875708,-80.13117,1
210,Gannon,Golden Knights,66,GANN ,GANN,Erie,PA,18,1,#800000,0,42.129445,-80.085239,1
211,IUP,Crimson Hawks,61,IUP  ,IUP,Indiana,PA,18,1,#804040,0,40.622905,-79.150149,1
212,Kutztown,Golden Bears,72,KUTZ ,KUTZ,Kutztown,PA,18,1,#800040,0,40.51852,-75.776488,1
213,Lock Haven,Eagles,24,LHUP ,LHUP,Lock Haven,PA,18,1,#804040,0,41.13765,-77.44223,1
214,Mansfield,Mountaineers,55,MUP  ,MUP,Mansfield,PA,18,1,#000000,0,41.8081,-77.078484,1
215,Mercyhurst,Lakers,60,HURST,HURST,Erie,PA,18,1,#008080,0,42.129445,-80.085239,1
216,Millersville,Marauders,57,MVIL ,MVIL,Millersville,PA,18,1,#000000,0,40.003455,-76.356599,1
217,Shippensburg,Raiders,44,SHIP ,SHIP,Shippenburg,PA,18,1,#0000FF,0,40.994709,-77.604538,1
218,Slippery Rock,,44,SRU  ,SRU,Slippery Rock,PA,18,1,#008000,0,41.0646,-80.055614,1
219,West Chester,Golden Rams,54,WCUP ,WCUP,West Chester,PA,18,1,#8000FF,0,39.96351,-75.598484,1
220,Adams State,Grizzlies,41,ASC  ,ASC,Alamosa,CO,19,1,#008080,0,37.46818,-105.873599,1
221,Chadron State,Eagles,29,CSC  ,CSC,Chaldron,NE,19,1,#9D0000,0,42.83175,-103.000209,1
222,Colorado-Colorado Springs,Mountain Lions,42,UCCS ,UCCS,Colorado Springs,CO,19,1,#D4A017,0,38.83345,-104.821814,1
223,Colorado Christian,Cougars,53,CCU  ,CCU,Lakewood,CO,19,1,#000040,0,39.71095,-105.082738,1
224,Colorado Mines,Orediggers,53,CSOM ,CSOM,Golden,CO,19,1,#0000A0,0,39.756655,-105.224949,1
225,CSU-Pueblo,Thunderwolves,49,CSUP ,CSUP,Pueblo,CO,19,1,#400080,0,38.26386,-104.612374,1
226,Fort Lewis,Skyhawks,72,FTLW ,FTLW,Durango,CO,19,1,#000080,0,37.273675,-107.879304,1
227,Mesa State,Mavericks,62,MESA ,MESA,Grand Junction,CO,19,1,#800080,0,39.06879,-108.564454,1
228,Metropolitan State,Roadrunners,78,MSCD ,MSCD,Denver,CO,19,1,#000080,0,39.74001,-104.992259,1
229,Nebraska-Kearney,Lopers,57,UNEK ,UNEK,Kearney,NE,19,1,#0000A0,0,40.70047,-99.083689,1
230,New Mexico Highlands,Cowboys,40,NMHU ,NMHU,Las Vegas,NM,19,1,#800080,0,35.595682,-105.216289,1
231,Regis,Rangers,35,REGIS,REGIS,Denver,CO,19,1,#00366C,0,39.74001,-104.992259,1
232,Western New Mexico,Mustangs,45,WNMU ,WNMU,Silver City,NM,19,1,#800080,0,32.769975,-108.275004,1
233,Western State,Mountaineers,38,WEST ,WEST,Gunnison,CO,19,1,#CE0000,0,38.54495,-106.926856,1
234,Anderson,Trojans,47,AND  ,AND,Anderson,SC,20,1,#000000,0,34.50044,-82.649579,1
235,Brevard,Tornados,36,BREV ,BREV,Brevard,NC,20,1,#004080,0,35.234275,-82.733914,1
236,Carson-Newman,Eagles,41,C-N  ,C-N,Jefferson City,TN,20,1,#000080,0,36.125775,-83.490029,1
237,Catawba,Indians,65,CTWB ,CTWB,Salisbury,NC,20,1,#000080,0,35.666934,-80.469354,1
238,Lenoir-Rhyne,Bears,58,L-R  ,L-R,Hickory,NC,20,1,#804040,0,35.73491,-81.335604,1
239,Lincoln Memorial,Railsplitters,49,LMU  ,LMU,Harrogate,TN,20,1,#000040,0,36.58267,-83.656734,1
240,Mars Hill,Lions,47,MHC  ,MHC,Mars Hill,NC,20,1,#004080,0,35.826403,-82.553057,1
241,Newberry,Indians,49,NEWB ,NEWB,Newberry,SC,20,1,#FF0000,0,34.274555,-81.619244,1
242,Tusculum,Pioneers,54,TUSC ,TUSC,Greeneville,TN,20,1,#E87400,0,36.16272,-82.831154,1
243,Wingate,Bulldogs,62,WU   ,WU,Wingate,NC,20,1,#004080,0,34.98254,-80.449959,1
244,Albany State,Rams,47,ALBS ,ALBS,Albany,GA,21,1,#000000,0,31.58076,-84.156009,1
245,Benedict,Panthers,78,BENE ,BENE,Columbia,SC,21,1,#800080,0,33.99855,-81.045249,1
246,Claflin,Panthers,69,CLAF ,CLAF,Orangeburg,SC,21,1,#000000,0,33.48935,-80.864719,1
247,Clark Atlanta,Panthers,48,CAU  ,CAU,Atlanta,GA,21,1,#000000,0,33.748315,-84.391109,1
248,Fort Valley,Wildcats,47,FVSU ,FVSU,Fort Valley,GA,21,1,#004080,0,32.5539,-83.888604,1
249,Kentucky State,Thorobreds,41,KYST ,KYST,Frankfort,KY,21,1,#008040,0,38.19506,-84.878694,1
250,Lane,Dragons,49,LANE ,LANE,Jackson,TN,21,1,#CE0000,0,35.6139,-88.819399,1
251,LeMoyne-Owen,Magicians,51,LOC  ,LOC,Memphis,TN,21,1,#800080,0,35.14968,-90.048929,1
252,Miles,Golden Bears,40,MILES,MILES,Fairfield,AL,21,1,#800080,0,33.490612,-86.915661,1
253,Morehouse,Tigers,35,MORE ,MORE,Atlanta,GA,21,1,#800000,0,33.748315,-84.391109,1
254,Paine,Lions,41,PAIN ,PAIN,Augusta,GA,21,1,#800080,0,33.47909,-81.975309,1
255,Stillman,Tigers,37,STIL ,STIL,Tuscaloosa,AL,21,1,#AFAF5F,0,33.210435,-87.566214,1
256,Tuskegee,Golden Tigers,41,TUSK ,TUSK,Tuskegee,AL,21,1,#CE0000,0,32.424055,-85.689779,1
257,Barry,Bucs,55,BARY ,BARY,Miami Shores,FL,22,1,#000000,0,25.86748,-80.193594,1
258,Eckerd,Tritons,67,ECK  ,ECK,St. Petersburg,FL,22,1,#004080,0,27.771185,-82.639319,1
259,Florida Southern,Mocs,68,FSC  ,FSC,Lakeland,FL,22,1,#FF0000,0,28.04419,-81.947864,1
260,Florida Tech,Panthers,50,FIT  ,FIT,Melbourne,FL,22,1,#000000,0,28.07939,-80.606884,1
261,Lynn,Fighting Knights,54,LYNN ,LYNN,Boca Raton,FL,22,1,#004080,0,26.35049,-80.089004,1
262,Nova Southeastern,Sharks,47,NSEU ,NSEU,Ft. Lauderdale,FL,22,1,#000040,0,26.12367,-80.143564,1
263,Rollins,Tars,74,ROLL ,ROLL,Winter Park,FL,22,1,#004080,0,28.594574,-81.350716,1
264,Saint Leo,Lions,45,SLU  ,SLU,Saint Leo,FL,22,1,#008040,0,28.33561,-82.259524,1
265,Tampa,Spartans,55,TAMP ,TAMP,Tampa,FL,22,1,#FF3333,0,27.94653,-82.459269,1
266,Alderson-Broaddus,Battlers,80,ABC  ,ABC,Philippi,WV,23,1,#D4A017,0,39.153085,-80.041039,1
267,Bluefield State,Big Blues,16,BSC  ,BSC,Bluefield,WV,23,1,#000080,0,37.267985,-81.222629,1
268,Charleston,Golden Eagles,57,UCWV ,UCWV,Charleston,WV,23,1,#800000,0,38.350195,-81.638989,1
269,Concord,Mountain Lions,42,CONC ,CONC,Athens,WV,23,1,#800040,0,37.42303,-81.016084,1
270,Davis & Elkins,Senators,34,D&E  ,D&E,Elkins,WV,23,1,#FF0000,0,38.92402,-79.844489,1
271,Fairmont State,Fighting Falcons,65,FAIR ,FAIR,Fairmont,WV,23,1,#400000,0,39.48161,-80.147154,1
272,Glenville State,Pioneers,37,GLEN ,GLEN,Glenville,WV,23,1,#0080FF,0,38.934625,-80.838239,1
273,Ohio Valley,Fighting Scots,23,OVU  ,OVU,Vienna,WV,23,1,#004080,0,39.32482,-81.548339,1
274,Pittsburgh-Johnstown,Mountain Cats,70,UPJ  ,UPJ,Johnstown,PA,23,1,#000040,0,40.32726,-78.918354,1
275,Seton Hill,Griffins,46,SHU  ,SHU,Greensburg,PA,23,1,#000000,0,40.299245,-79.543159,1
276,Shepherd,Rams,47,SHEP ,SHEP,Shepherdstown,PA,23,1,#004080,0,40.177311,-76.991577,1
277,West Liberty,Hilltoppers,83,WL   ,WL,West Libery,WV,23,1,#000000,0,40.169005,-80.587836,1
278,West Virginia State,Yellow Jackets,79,WVSU ,WVSU,Charleston,WV,23,1,#D4A017,0,38.350195,-81.638989,1
279,West Virginia Wesleyan,Bearcats,27,WVWC ,WVWC,Buckhannon,WV,23,1,#FF8040,0,38.993265,-80.231695,1
280,Wheeling Jesuit,Cardinals,54,WJU  ,WJU,Wheeling,WV,23,1,#FF0000,0,40.063965,-80.721424,1
