 45 
ID,Name,ShortName,Games,Prestige,Divisions,DivisionOne,DivisionTwo,TourneyTeams,TDay1,TDay2,TDay3,TDay4,TDay5,SeedDiv,D1,D2,D3,TourneyBirth,TourneyType
1,Allegheny Mountain Collegiate,AMCC,18,1,1,,,6,175,177,181,187,0,0,sun,wed,fri,1,0
2,American Southwest Conference,ASC,20,1,1,,,6,183,186,187,191,0,0,wed,sat,mon,1,0
3,Capital Athletic Conference,CAC,14,1,1,,,6,185,186,187,191,0,0,wed,sat,mon,1,0
4,Centennial Conference,CentCon,20,1,1,,,6,175,176,177,181,0,0,sat,wed,mon,1,0
5,CUNY Athletic Conference,CUNYAC,18,1,1,,,7,184,185,186,187,0,0,sat,wed,mon,1,0
6,Conference of Illinois & Wisconsin,CCIW,14,1,1,,,6,183,184,185,186,187,0,wed,sat,mon,1,1
7,Colonial States Athletic Conference,ConStates,18,1,1,,,6,177,183,184,185,0,0,sat,fri,tue,1,1
8,Commonwealth Coast Conference,ComCoast,18,1,1,,,6,173,175,177,181,0,0,sat,thu,mon,1,0
9,Empire 8 Conference,Empire 8,14,1,1,,,8,185,186,187,191,0,0,wed,sat,mon,1,0
10,Great Northeast Athletic Conference,GNAC,20,1,1,,,8,184,185,186,187,0,0,thu,sat,tue,1,1
11,Great South Athletic Conference,GSAC,18,1,1,,,6,176,177,181,182,0,0,wed,sat,mon,1,0
12,Heartland Collegiate Athletic Confe,HCAC,18,1,1,,,7,184,185,186,187,0,0,sat,wed,mon,1,0
13,Independent,Independent,0,1,1,,,0,0,0,0,0,0,0,sun,fri,wed,0,0
14,Iowa Intercollegiate Athletic Confe,IIAC,16,1,1,,,6,173,176,177,183,0,0,sat,thu,tue,1,1
15,Landmark Conference,Landmark,18,1,1,,,2,166,0,0,0,0,0,sat,fri,tue,1,0
16,Liberty League,Liberty,18,1,1,,,6,176,177,181,182,0,0,thu,sat,tue,1,0
17,Little East Conference,Little East,14,1,1,,,6,181,182,183,184,0,0,sat,thu,tue,1,0
18,Mass. State College Athletic Assoc.,MSCAC,18,1,1,,,2,183,185,186,187,0,0,sat,wed,mon,1,0
19,Michigan Intercollegiate Athletic,MIAA,14,1,1,,,6,184,185,186,187,0,0,mon,sat,fri,1,0
20,MAC Commonwealth Conference,MACComm,14,1,1,,,6,175,176,177,181,0,0,sat,thu,tue,1,0
21,MAC Freedom Conference,MACFree,14,1,1,,,6,184,185,186,187,0,0,sat,wed,tue,1,0
22,Midwest Conference,Midwest,18,1,1,,,6,175,181,184,185,0,0,sat,wed,mon,1,0
23,Minnesota Intercollegiate Athletic,MIAC,20,1,1,,,6,173,176,177,181,0,0,sat,thu,tue,1,0
24,New England Women & Men's,NEWMAC,18,1,1,,,6,184,185,186,187,0,0,sat,thu,sun,1,0
25,New England Collegiate Conference,NECC,18,1,1,,,6,174,181,186,187,0,0,sat,wed,mon,1,0
26,New England Small College Athletic,NESCAC,20,1,1,,,6,185,186,187,191,0,0,sat,tue,mon,1,0
27,New Jersey Athletic Conference,NJAC,18,2,1,,,6,176,177,181,182,0,0,sat,wed,mon,1,0
28,North Atlantic Conference,North Atlantic,16,1,1,,,6,185,186,191,0,0,0,sat,wed,mon,1,0
29,North Coast Athletic Conference,NCAC,18,1,1,,,6,185,186,187,191,0,0,sat,thu,mon,1,0
30,North Eastern Athletic Conference,NEAC,18,1,1,,,6,174,181,182,183,0,0,sat,thu,tue,1,0
31,Northern Athletic Conference,NAC,14,3,1,,,6,176,177,181,182,0,0,sat,thu,tue,1,1
32,Northwest Conference,Northwest,16,1,1,,,6,183,185,186,187,0,0,sat,thu,mon,1,0
33,Ohio Athletic Conference,OAC,16,1,1,,,8,184,186,187,191,0,0,fri,wed,mon,1,0
34,Old Dominion Athletic Conference,ODAC,20,1,1,,,6,184,186,187,0,0,0,thu,fri,sat,1,0
35,Presidents' Athletic Conference,Presidents,18,1,1,,,6,184,186,187,0,0,0,thu,fri,sat,1,0
36,Skyline Conference,Skyline,16,1,1,,,6,184,186,187,0,0,0,thu,fri,sat,1,0
37,Southern California Intercollegiate,SCIAC,14,1,1,,,2,184,185,186,187,0,0,mon,sat,fri,1,0
38,St. Louis Intercollegiate,SLIAC,16,1,1,,,9,184,185,186,187,0,0,mon,sat,fri,1,0
39,University Athletic Association,UAA,14,1,1,,,8,184,185,186,187,0,0,mon,sat,fri,1,0
40,Upper Midwest Athletic Conference,UMAC,14,1,1,,,8,184,185,186,187,0,0,mon,sat,fri,1,0
41,USA South Athletic Conference,USA South,18,1,1,,,6,184,185,186,187,0,0,mon,sat,fri,1,0
42,Wisconsin Intercollegiate Athletic,WIAC,16,1,1,,,9,184,185,186,187,0,0,mon,sat,fri,1,0
43,Southern Athletic Association,SAA,12,1,1,,,2,184,185,186,187,0,0,mon,sat,fri,1,0
44,Southern Collegiate,SCAC,14,1,1,,,8,184,185,186,187,0,0,mon,sat,fri,1,0
45,SUNY Athletic Conference,SUNYAC,18,1,1,,,8,184,185,186,187,0,0,mon,sat,fri,1,0
