420,,,,,,,,,,,,,,
ID,Name,Mascot,Prestige,Abbr,Logo,City,State,Conference,Division,TeamColor,TravelPart,Lat,Long,Academics
1,Birmingham-Southern Colle,Panthers,10,BSC  ,default,Birmingham,AL,43,1,#1062A9,0,33.52,-86.81,3
2,Huntingdon,Hawks,10,HUNT ,default,Montgomery,AL,11,1,#0A1E5B,0,32.36,-86.28,3
3,Hendrix,Warriors,10,HENDR,default,Conway,AR,43,1,#A42D47,0,35.08,-92.44,3
4,Ozarks,Eagles,10,OZARK,default,Clarksville,AR,2,1,#790000,5,34.71,-86.6,3
5,Cal Lutheran,Kingsmen,10,CALLU,default,Thousand Oaks,CA,37,1,#EE9D11,4,34.17,-118.83,3
6,Chapman,Panthers,10,CHAP ,default,Orange,CA,37,1,#331165,0,33.78,-117.85,3
7,Claremont-Mudd-Scripps,Stags,10,MUDD ,default,Claremont,CA,37,1,#4D3069,247,33.78,-117.85,3
8,La Verne,Leopards,10,LAVER,default,La Verne,CA,37,1,#353C91,0,33.78,-117.85,3
9,Mills,Cyclones,10,MILLS,default,Oakland,CA,13,1,#FCD116,0,33.78,-117.85,3
10,Occidental,Tigers,10,OCCID,default,Los Angeles,CA,37,1,#102142,11,33.78,-117.85,3
11,Pomona-Pitzer,Sagehens,10,POMPI,default,Claremont,CA,37,1,#8E0C3A,10,33.78,-117.85,3
12,Redlands,Bulldogs,10,RED  ,default,Redlands,CA,37,1,#9C1831,0,33.78,-117.85,3
13,UC-Santa Cruz,Banana Slugs,10,CRUZ ,default,Santa Cruz,CA,13,1,#E81018,0,33.78,-117.85,3
14,Whittier,Poets,10,WHIT ,default,Whittier,CA,37,1,#993333,0,33.78,-117.85,3
15,Colorado College,Tigers,10,COLOR,default,Colorado Springs,CO,44,1,#FFBD24,165,38.83,-104.82,3
16,Albertus Magnus,Falcons,10,ALBMA,default,New Haven,CT,10,1,#CE9C00,0,41.76,-72.68,3
17,Coast Guard,Bears,10,COAST,default,New London,CT,24,1,#002649,0,41.76,-72.68,3
18,Connecticut College,Camels,10,CONCO,default,New London,CT,26,1,#C41E3A,265,41.76,-72.68,3
19,Eastern Connecticut State,Warriors,10,EASTC,default,Willimantic,CT,17,1,#DE0000,0,41.76,-72.68,3
20,Mitchell,Mariners,10,MIT  ,default,New London,CT,25,1,#004833,0,41.76,-72.68,3
21,Saint Joseph,Blue Jays,10,STJOE,default,West Hartford,CT,10,1,#182142,0,41.76,-72.68,3
22,Trinity,Bantams,10,TRINI,default,Hartford,CT,26,1,#7B1831,0,41.76,-72.68,3
23,Wesleyan,Cardinals,10,WESLE,default,Middletown,CT,26,1,#00614A,0,41.76,-72.68,3
24,Western Connecticut State,Colonials,10,WESTC,default,Danbury,CT,17,1,#004812,0,41.76,-72.68,3
25,Wesley,Wolverines,10,WESLE,default,Dover,DE,3,1,#29299C,0,39.15,-75.52,3
26,Catholic University,Cardinals,10,CATHL,default,Washington,DC,15,1,#222222,0,38.89,-77.03,3
27,Gallaudet,Bison,10,GALL ,default,Washington,DC,30,1,#CC0000,0,38.89,-77.03,3
28,Trinity Washington,Tigers,10,TRINW,default,Washington,DC,13,1,#F04C27,0,38.89,-77.03,3
29,Berry,Vikings,10,BERRY,default,Mount Berry,GA,43,1,#B70002,0,33.73,-84.38,3
30,Covenant,Scots,10,COVEN,default,Lookout Mountain,GA,11,1,#593D2B,325,33.73,-84.38,3
31,Emory,Eagles,10,EMORY,default,Atlanta,GA,39,1,#000060,0,33.73,-84.38,3
32,LaGrange,Panthers,10,LAGRA,default,LaGrange,GA,11,1,#004A84,0,33.73,-84.38,3
33,Oglethorpe,Stormy Petrels,10,OGLE ,default,Atlanta,GA,43,1,#004F87,297,33.73,-84.38,3
34,Piedmont,Lions,10,PIED ,default,Demorest,GA,11,1,#002942,0,33.73,-84.38,3
35,Wesleyan College,Pioneers,10,WESLE,default,Macon,GA,11,1,#004231,0,33.73,-84.38,3
36,Augustana,Vikings,10,AUGIE,default,Rock Island,IL,6,1,#004A7B,0,40.48,-88.99,3
37,Aurora,Spartans,10,AUROR,default,Aurora,IL,31,1,#B50000,0,40.48,-88.99,3
38,Benedictine,Eagles,10,BENED,default,Lisle,IL,31,1,#002942,257,40.48,-88.99,3
39,Blackburn,Beavers,10,BLACK,default,Carlinville,IL,38,1,#FF7F00,0,40.48,-88.99,3
40,Chicago,Maroons,10,CHICA,default,Chicago,IL,39,1,#002649,0,40.48,-88.99,3
41,Concordia University Chicago,Cougars,10,CONCH,default,River Forest,IL,31,1,#A20B36,202,40.48,-88.99,3
42,Dominician,Stars,10,DOM  ,default,River Forest,IL,31,1,#1E489C,0,40.48,-88.99,3
43,Elmhurst,Bluejays,10,ELMH ,default,Elmhurst,IL,6,1,#222222,0,40.48,-88.99,3
44,Eureka,Red Devils,10,EUREA,default,Eureka,IL,38,1,#7B0000,0,40.48,-88.99,3
45,Greenville,Panthers,10,GREEN,default,Greenville,IL,38,1,#2E3192,52,40.48,-88.99,3
46,Illinois College,Blueboys,10,ILLI ,default,Jacksonville,IL,22,1,#0C562D,0,40.48,-88.99,3
47,Illinois Wesleyan,Titans,10,ILLWE,default,Bloomington,IL,6,1,#253B81,0,40.48,-88.99,3
48,Knox,Prairie Fire,10,KNOX ,default,Galesburg,IL,22,1,#006700,0,40.48,-88.99,3
49,Lake Forest College,Foresters,10,LAKEF,default,Lake Forest,IL,22,1,#252525,0,40.48,-88.99,3
50,MacMurray College,Highlanders,10,MACMU,default,Jacksonville,IL,38,1,#F35B0F,0,40.48,-88.99,3
51,Millikin,Big Blues,10,MILLI,default,Decatur,IL,6,1,#116644,326,40.48,-88.99,3
52,Monmouth College,Fighting Scots,10,MONM ,default,Monmouth,IL,22,1,#59A0A0,45,40.48,-88.99,3
53,North Central College,Cardinals,10,NORTC,default,Naperville,IL,6,1,#910028,0,40.48,-88.99,3
54,Principia,Panthers,10,PRINC,default,Elsah,IL,38,1,#9E8249,0,40.48,-88.99,3
55,Rockford,Regents,10,ROCKF,default,Rockford,IL,31,1,#000200,0,40.48,-88.99,3
56,Wheaton,Thunder,10,WHEAT,default,Wheaton,IL,6,1,#076D54,0,40.48,-88.99,3
57,Anderson,Ravens,10,ANDER,default,Anderson,IN,12,1,#80BEE8,60,39.76,-86.15,3
58,DePauw,Tigers,10,DEPAU,default,Greencastle,IN,29,1,#091D5A,0,39.76,-86.15,3
59,Earlham,Quakers,10,EARLH,default,Richmond,IN,12,1,#2E3192,0,39.76,-86.15,3
60,Franklin,Grizzlies,10,FRANK,default,Franklin,IN,12,1,#D60027,57,39.76,-86.15,3
61,Hanover,Panthers,10,HANOV,default,Hanover,IN,12,1,#13299E,0,39.76,-86.15,3
62,Manchester,Spartans,10,MANCH,default,North Manchester,IN,12,1,#005730,104,39.76,-86.15,3
63,Rose-Hulman,Engineers,10,ROSEH,default,Terre Haute,IN,12,1,#E71A39,0,39.76,-86.15,3
64,North Park University,Vikings,10,NPARK,default,Chicago,IL,6,1,#E50B0D,0,39.76,-86.15,3
65,Trine,Thunder,10,TRINE,default,Angola,IN,19,1,#0068A9,0,39.76,-86.15,3
66,Wabash,Little Giants,10,WABAS,default,Crawfordsville,IN,29,1,#FF3630,0,39.76,-86.15,3
67,Buena Vista,Beavers,10,BUENA,default,Storm Lake,IA,14,1,#9C143D,0,42.09,-92.67,3
68,Central,Dutch,10,CENTR,default,Pella,IA,14,1,#2D649C,0,42.09,-92.67,3
69,Coe,Kohawks,10,COE  ,default,Cedar Rapids,IA,14,1,#165B9E,322,42.09,-92.67,3
70,Cornell,Rams,10,CORNE,default,Mount Vernon,IA,14,1,#0D1361,0,42.09,-92.67,3
71,Dubuque,Spartans,10,DUBUQ,default,Dubuque,IA,14,1,#020260,0,42.09,-92.67,3
72,Grinnell,Pioneers,10,GRINN,default,Grinnell,IA,22,1,#00519B,0,42.09,-92.67,3
73,Loras,Duhawks,10,LORAS,default,Dubuque,IA,14,1,#283A61,0,42.09,-92.67,3
74,Luther,Norse,10,LUTHE,default,Decorah,IA,14,1,#4B1869,0,42.09,-92.67,3
75,Simpson,Storm,10,SIMPS,default,Indianola,IA,14,1,#00378A,0,42.09,-92.67,3
76,Wartburg,Knights,10,WARTB,default,Waverly,IA,14,1,#003399,242,42.09,-92.67,3
77,Centre,Colonels,10,CENTR,default,Danville,KY,43,1,#75263D,170,36.99,-86.44,3
78,Spalding,Golden Eagles,10,SPALD,default,Louisville,KY,38,1,#385242,0,36.99,-86.44,3
79,Thomas More,Saints,10,THOMA,default,Crestview Hills,KY,35,1,#D72D35,0,36.99,-86.44,3
80,Transylvania,Pioneers,10,TRANS,default,Lexington,KY,12,1,#020303,0,36.99,-86.44,3
81,Centenary (La.),Gents,10,CENTE,default,Shreveport,LA,44,1,#663399,0,29.95,-90.07,3
82,Louisiana College,Wildcats,10,LOUIS,default,Pineville,LA,2,1,#D82D39,0,29.95,-90.07,3
83,Bates,Bobcats,10,BATES,default,Lewiston,ME,26,1,#AB2941,0,43.66,-70.25,3
84,Bowdoin,Polar Bears,10,BOWDO,default,Brunswick,ME,26,1,#2A42CE,0,43.66,-70.25,3
85,Colby,White Mules,10,COLBY,default,Waterville,ME,26,1,#FF7329,0,43.66,-70.25,3
86,Husson,Eagles,10,HUSSO,default,Bangor,ME,28,1,#00386B,0,43.66,-70.25,3
87,Maine-Farmington,Beavers,10,ME-FA,default,Farmington,ME,28,1,#002D62,0,43.66,-70.25,3
88,Maine-Presque Isle,Owls,10,PREQU,default,Presque Isle,ME,13,1,#B72931,0,43.66,-70.25,3
89,Maine Maritime Academy,Mariners,10,MEMAR,default,Castine,ME,28,1,#A50019,0,43.66,-70.25,3
90,New England,Nor'easters,10,NEWEN,default,Biddeford,ME,8,1,#D81C3F,0,43.66,-70.25,3
91,Saint Joseph's College of Maine,Monks,10,STJOE,default,Standish,ME,10,1,#4A2184,0,43.66,-70.25,3
92,Southern Maine,Huskies,10,SOMAI,default,Portland,ME,17,1,#CF0000,290,43.66,-70.25,3
93,Thomas College,Terriers,10,THOMC,default,Waterville,ME,28,1,#016600,0,43.66,-70.25,3
94,Frostburg State,Bobcats,10,FROST,default,Frostburg,MD,3,1,#002843,0,39.29,-76.61,3
95,Goucher,Gophers,10,GOUCH,default,Towson,MD,15,1,#4B4B7C,0,39.29,-76.61,3
96,Hood,Blazers,10,HOOD ,default,Frederick,MD,3,1,#D60022,0,39.29,-76.61,3
97,Johns Hopkins,Blue Jays,10,JHU  ,default,Baltimore,MD,4,1,#0A3861,0,39.29,-76.61,3
98,McDaniel,Green Terror,10,MCDAN,default,Westminister,MD,4,1,#015DAB,0,39.29,-76.61,3
99,Notre Dame of Maryland,Gators,10,NOTRE,default,Baltimore,MD,7,1,#CFB53B,0,39.29,-76.61,3
100,Salisbury,Sea Gulls,10,SALIS,default,Salisbury,MD,3,1,#002967,210,39.29,-76.61,3
101,Stevenson,Mustangs,10,STEVE,default,Stevenson,MD,3,1,#EE8601,123,39.29,-76.61,3
102,Washington College,Shoremen,10,WASHC,default,Chestertown,MD,4,1,#2E3192,0,39.29,-76.61,3
103,Amherst,Lord Jeffs,10,AMHER,default,Amherst,MA,26,1,#D60008,0,42.26,-71.8,3
104,Anna Maria,AMCATS,10,ANNAM,default,Paxton,MA,10,1,#990000,62,42.26,-71.8,3
105,Babson,Beavers,10,BABSO,default,Wellesley,MA,24,1,#004231,0,42.26,-71.8,3
106,Bay Path,Wildcats,10,BAYPA,default,Longmeadow,MA,25,1,#263996,217,42.26,-71.8,3
107,Becker,Hawks,10,BECKE,default,Worcester,MA,25,1,#27297C,0,42.26,-71.8,3
108,Brandeis,Judges,10,BRAND,default,Waltham,MA,39,1,#0A0A0A,0,42.26,-71.8,3
109,Bridgewater State,Bears,10,BRIDG,default,Bridgewater,MA,18,1,#E73139,0,42.26,-71.8,3
110,Clark,Cougars,10,CLARK,default,Worcester,MA,24,1,#9E0B0E,0,42.26,-71.8,3
111,Curry,Colonels,10,CURRY,default,Milton,MA,8,1,#CEBE70,0,42.26,-71.8,3
112,Eastern Nazarene,Lions,10,EASTN,default,Quincy,MA,8,1,#EF8C00,0,42.26,-71.8,3
113,Elms,Blazers,10,ELMS ,default,Chicopee,MA,25,1,#F77329,0,42.26,-71.8,3
114,Endicott,Gulls,10,ENDIC,default,Beverly,MA,10,1,#D72D35,0,42.26,-71.8,3
115,Fitchburg State,Falcons,10,FITCH,default,Fitchburg,MA,18,1,#234077,143,42.26,-71.8,3
116,Framingham State,Rams,10,FRAMS,default,Framingham,MA,18,1,#DE3129,0,42.26,-71.8,3
117,Gordon,Fighting Scots,10,GORDO,default,Wenham,MA,8,1,#00669A,0,42.26,-71.8,3
118,Lasell,Lasers,10,LASEL,default,Newton,MA,10,1,#8C001A,0,42.26,-71.8,3
119,Lesley,Lynx,10,LESLE,default,Boston,MA,25,1,#232323,0,42.26,-71.8,3
120,Mount Ida,Mustangs,10,MOUNT,default,Newton,MA,10,1,#BA0A2B,0,42.26,-71.8,3
121,Massachusetts College of Liberal Arts,Trailblazers,10,MASSL,default,North Adams,MA,18,1,#00378A,196,42.26,-71.8,3
122,Massachusetts Maritime,Buccaneers,10,MARIT,default,Buzzards Bay,MA,18,1,#CA3A44,312,42.26,-71.8,3
123,MIT,Engineers,10,MIT  ,default,Cambridge,MA,24,1,#123297,101,42.26,-71.8,3
124,Newbury,Nighthawks,10,NEWBU,default,Brookline,MA,25,1,#008568,0,42.26,-71.8,3
125,Nichols,Bison,10,NICHO,default,Dudley,MA,8,1,#C61018,266,42.26,-71.8,3
126,Pine Manor,Gators,10,PINEM,default,Chestnut Hill,MA,10,1,#450084,0,42.26,-71.8,3
127,Regis College,Pride,10,REGIS,default,Weston,MA,25,1,#0337B4,0,42.26,-71.8,3
128,Salem State,Vikings,10,SALEM,default,Salem,MA,18,1,#633194,0,42.26,-71.8,3
129,Springfield,Pride,10,SPRIN,default,Springfield,MA,24,1,#212142,0,42.26,-71.8,3
130,Suffolk,Rams,10,SUFFO,default,Boston,MA,10,1,#015DAB,0,42.26,-71.8,3
131,Tufts,Jumbos,10,TUFTS,default,Medford,MA,26,1,#000063,0,42.26,-71.8,3
132,UMass-Boston,Beacons,10,UMASS,default,Boston,MA,17,1,#8C2633,0,42.26,-71.8,3
133,UMass-Dartmouth,Corsairs,10,UMASS,default,Darmouth,MA,17,1,#EB0E19,0,42.26,-71.8,3
134,Wentworth Institute,Leopards,10,WENTW,default,Boston,MA,8,1,#884818,0,42.26,-71.8,3
135,Western New England,Golden Bears,10,WESTN,default,Springfield,MA,8,1,#000073,304,42.26,-71.8,3
136,Westfield State,Owls,10,WESTF,default,Westfield,MA,18,1,#331165,0,42.26,-71.8,3
137,Wheaton College (MA),Lyons,10,WHEAT,default,Norton,MA,24,1,#232323,0,42.26,-71.8,3
138,Williams,Ephs,10,WILLI,default,Williamstown,MA,26,1,#02183E,0,42.26,-71.8,3
139,WPI,Engineers,10,WPI  ,default,Worcester,MA,24,1,#4E1E8A,0,42.26,-71.8,3
140,Adrian,Bulldogs,10,ADRIA,default,Adrian,MI,19,1,#3129E7,0,43.01,-83.68,3
141,Albion,Britons,10,ALBIO,default,Albion,MI,19,1,#800000,0,43.01,-83.68,3
142,Alma,Scots,10,ALMA ,default,Alma,MI,19,1,#DE0018,0,43.01,-83.68,3
143,Calvin,Knights,10,CALVI,default,Grand Rapids,MI,19,1,#9D1244,115,43.01,-83.68,3
144,Finlandia,Lions,10,FINLA,default,Hancock,MI,13,1,#3F8379,0,43.01,-83.68,3
145,Hope,Flying Dutchmen,10,HOPE ,default,Holland,MI,19,1,#880029,208,43.01,-83.68,3
146,Kalamazoo,Hornets,10,KALAM,default,Kalamazoo,MI,19,1,#0099CC,0,43.01,-83.68,3
147,Olivet,Comets,10,OLIVE,default,Olivet,MI,19,1,#4F8537,0,43.01,-83.68,3
148,Augsburg,Auggies,10,AUGSB,default,Minneapolis,MN,23,1,#E53730,0,44.97,-93.26,3
149,Bethany Lutheran,Vikings,10,BETHA,default,Mankato,MN,40,1,#083963,0,44.97,-93.26,3
150,Bethel University,Royals,10,BETHE,default,Arden Hills,MN,23,1,#186329,0,44.97,-93.26,3
151,Carleton,Knights,10,CARLE,default,Northfield,MN,23,1,#D60039,0,44.97,-93.26,3
152,Concordia College,Cobbers,10,CONCO,default,Moorhead,MN,23,1,#822433,0,44.97,-93.26,3
153,Crown,Storm,10,CROWN,default,St. Bonifacius,MN,40,1,#AC0D1E,0,44.97,-93.26,3
154,Gustavus Adolphus,Gusties,10,GUSTA,default,St. Peter,MN,23,1,#004E7F,0,44.97,-93.26,3
155,Hamline,Pipers,10,HAMLI,default,St. Paul,MN,23,1,#29299C,0,44.97,-93.26,3
156,Macalester,Scots,10,MACLA,default,St. Paul,MN,23,1,#FF7F29,0,44.97,-93.26,3
157,Martin Luther,Knights,10,MARTL,default,New Ulm,MN,40,1,#004325,0,44.97,-93.26,3
158,Minnesota-Morris,Cougars,10,MORRI,default,Morris,MN,40,1,#CE2229,0,44.97,-93.26,3
159,North Central University,Rams,10,NOCEN,default,Minneapolis,MN,13,1,#292942,0,44.97,-93.26,3
160,Northwestern College,Eagles,10,NORTH,default,Roseville,MN,40,1,#265142,0,44.97,-93.26,3
161,St. Benedict,Blazers,10,STBEN,default,St. Joseph,MN,23,1,#0066A4,0,44.97,-93.26,3
162,St. Catherine,Wildcats,10,STCAT,default,St. Paul,MN,23,1,#752132,0,44.97,-93.26,3
163,Saint John's University,Johnnies,10,STJOH,default,Collegeville,MN,23,1,#101894,0,44.97,-93.26,3
164,Saint Mary's University of Minnesota,Cardinals,10,STMAR,default,Winona,MN,23,1,#531122,0,44.97,-93.26,3
165,St. Olaf,Oles,10,STOLA,default,Northfield,MN,23,1,#054105,15,44.97,-93.26,3
166,St. Scholastica,Saints,10,STSCH,default,Duluth,MN,40,1,#232323,0,44.97,-93.26,3
167,St. Thomas,Tommies,10,STTHO,default,St. Paul,MN,23,1,#0D217B,0,44.97,-93.26,3
168,Millsaps,Majors,10,MILLS,default,Jackson,MS,43,1,#63104A,0,32.29,-90.18,3
169,Mississippi College,Choctaws,10,MISSI,default,Clinton,MS,2,1,#013D7D,0,32.29,-90.18,3
170,Rust,Bearcats,10,RUST ,default,Holly Springs,MS,13,1,#29109C,77,32.29,-90.18,3
171,Fontbonne,Griffins,10,FONTB,default,St. Louis,MO,38,1,#00337F,0,38.64,-90.22,3
172,Washington University in St. Louis,Bears,10,WUSTL,default,St. Louis,MO,39,1,#001558,0,38.64,-90.22,3
173,Webster,Gorloks,10,WEBST,default,Webster Groves,MO,38,1,#003F87,0,38.64,-90.22,3
174,Westminster,Blue Jays,10,WESTM,default,Fulton,MO,38,1,#182356,267,38.64,-90.22,3
175,Nebraska Wesleyan,Prairie Wolves,10,NEBRA,default,Lincoln,NE,13,1,#0F1021,0,40.8,-96.68,3
176,Colby-Sawyer,Chargers,10,COLBY,default,New London,NH,28,1,#FE0D04,0,42.76,-71.46,3
177,Daniel Webster,Eagles,10,DANIE,default,Nashua,NH,25,1,#084A73,0,42.76,-71.46,3
178,Keene State,Owls,10,KEENE,default,Keene,NH,17,1,#004371,0,42.76,-71.46,3
179,New England College,Pilgrims,10,NEWEN,default,Henniker,NH,8,1,#C41E3A,0,42.76,-71.46,3
180,Plymouth State,Panthers,10,PLYMO,default,Plymouth,NH,17,1,#730000,0,42.76,-71.46,3
181,Rivier,Raiders,10,RIVIE,default,Nashua,NH,10,1,#1A275B,0,42.76,-71.46,3
182,Centenary College,Cyclones,10,CENTN,default,Hackettstown,NJ,7,1,#4F2170,0,40.63,-74.4,3
183,College of New Jersey,Lions,10,TCNJ ,default,Ewing,NJ,27,1,#AF1E2D,0,40.63,-74.4,3
184,Drew,Rangers,10,DREW ,default,Madison,NJ,16,1,#08614F,0,40.63,-74.4,3
185,Fairleigh Dickinson-Florham,Devils,10,FDUFL,default,Florham Park,NJ,21,1,#5FB1E0,0,40.63,-74.4,3
186,Kean,Cougars,10,KEAN ,default,Union,NJ,27,1,#002659,0,40.63,-74.4,3
187,Montclair State,Red Hawks,10,MONTC,default,Montclair,NJ,27,1,#D4212C,0,40.63,-74.4,3
188,New Jersey City University,Gothic Knights,10,NJCU ,default,Jersey City,NJ,27,1,#006342,0,40.63,-74.4,3
189,Ramapo,Roadrunners,10,RAMAP,default,Mahwah,NJ,27,1,#D72D35,0,40.63,-74.4,3
190,Stockton,Ospreys,10,STOCK,default,Pomona,NJ,27,1,#001894,0,40.63,-74.4,3
191,Rowan,Profs,10,ROWAN,default,Glassboro,NJ,27,1,#E73139,0,40.63,-74.4,3
192,Rutgers-Camden,Scarlet Raptors,10,CAMDE,default,Camden,NJ,27,1,#4A015B,0,40.63,-74.4,3
193,Rutgers-Newark,Raiders,10,NEWAR,default,Newark,NJ,27,1,#372286,0,40.63,-74.4,3
194,Stevens Tech,Ducks,10,STEVE,default,Hoboken,NJ,9,1,#4A2F8E,0,40.63,-74.4,3
195,William Paterson,Pioneers,10,WILLP,default,Wayne,NJ,27,1,#002157,0,40.63,-74.4,3
196,Alfred,Saxons,10,ALFRE,default,Alfred,NY,9,1,#04091C,121,41.74,-73.82,3
197,Bard,Raptors,10,BARD ,default,Annandale-on-Hudson,NY,16,1,#006342,0,41.74,-73.82,3
198,Baruch,Wildcats,10,BARUC,default,New York,NY,5,1,#DE3129,0,41.74,-73.82,3
199,Brooklyn,Bulldogs,10,BKLYN,default,Brooklyn,NY,5,1,#7B0000,0,41.74,-73.82,3
200,Buffalo State,Bengals,10,BUFFS,default,Buffalo,NY,45,1,#FF7300,0,41.74,-73.82,3
201,Cazenovia,Wildcats,10,CAZNO,default,Cazenovia,NY,30,1,#00507D,0,41.74,-73.82,3
202,Clarkson,Golden Knights,10,CLARK,default,Potsdam,NY,16,1,#002955,41,41.74,-73.82,3
203,D'Youville,Spartans,10,DYOUV,default,Buffalo,NY,1,1,#044520,204,41.74,-73.82,3
204,Elmira,Soaring Eagles,10,ELMIR,default,Elmira,NY,9,1,#D85A1A,203,41.74,-73.82,3
205,Farmingdale State,Rams,10,FARMI,default,Farmingdale,NY,36,1,#FF5109,0,41.74,-73.82,3
206,Hamilton,Continentals,10,HAMIL,default,Clinton,NY,26,1,#002654,0,41.74,-73.82,3
207,Hartwick,Hawks,10,HARTW,default,Oneonta,NY,9,1,#96203D,213,41.74,-73.82,3
208,Hilbert,Hawks,10,HILBE,default,Hamburg,NY,1,1,#2B6396,145,41.74,-73.82,3
209,Hobart,Statesmen,10,HOBAR,default,Geneva,NY,16,1,#313169,0,41.74,-73.82,3
210,Ithaca,Bombers,10,ITHAC,default,Ithaca,NY,9,1,#25205E,100,41.74,-73.82,3
211,John Jay College,Bloodhounds,10,JOHNJ,default,New York,NY,5,1,#005E60,0,41.74,-73.82,3
212,Keuka,Storm,10,KEUKA,default,Keuka Park,NY,30,1,#4D0960,271,41.74,-73.82,3
213,Lehman,Lightning,10,LEHMA,default,Bronx,NY,5,1,#F96302,207,41.74,-73.82,3
214,Manhattanville,Valiants,10,MANHA,default,Purchase,NY,21,1,#6C6468,0,41.74,-73.82,3
215,Medaille,Mavericks,10,MEDAI,default,Buffalo,NY,1,1,#211818,0,41.74,-73.82,3
216,Medgar Evers,Cougars,10,MEDGA,default,Brooklyn,NY,5,1,#051D45,0,41.74,-73.82,3
217,Kings Point,Mariners,10,KINGS,default,Kings Point,NY,15,1,#BD1818,106,41.74,-73.82,3
218,Mount Saint Mary,Kinights,10,MTSTM,default,Newburgh,NY,36,1,#003559,0,41.74,-73.82,3
219,Mount Saint Vincent,Dolphins,10,MTSTV,default,Bronx,NY,36,1,#00315A,0,41.74,-73.82,3
220,Nazareth,Golden Flyers,10,NAZAR,default,Rochester,NY,9,1,#004371,0,41.74,-73.82,3
221,New Rochelle,Blue Angels,10,NEWRO,default,New Rochelle,NY,13,1,#C82223,0,41.74,-73.82,3
222,NYU,Violets,10,NYU  ,default,New York,NY,39,1,#3D4262,0,41.74,-73.82,3
223,NYU Poly,Bluejays,10,POLYT,default,Brooklyn,NY,36,1,#FF3B2F,0,41.74,-73.82,3
224,Pratt Institute,Cannoneers,10,PRATT,default,Brooklyn,NY,13,1,#145F52,0,41.74,-73.82,3
225,Rochester,Yellowjackets,10,ROCHE,default,Rochester,NY,39,1,#BB003A,0,41.74,-73.82,3
226,RPI,Red Hawks,10,RPI  ,default,Troy,NY,16,1,#00428C,0,41.74,-73.82,3
227,RIT,Tigers,10,RIT  ,default,Rochester,NY,16,1,#D80024,230,41.74,-73.82,3
228,Russell Sage,Gators,10,RUSSE,default,Troy,NY,36,1,#011F9D,0,41.74,-73.82,3
229,Skidmore,Thoroughbreds,10,SKIDM,default,Saratoga Springs,NY,16,1,#00295C,0,41.74,-73.82,3
230,St. John Fisher,Cardinals,10,STJOH,default,Pittsford,NY,9,1,#002868,227,41.74,-73.82,3
231,St. Joseph's College,Bears,10,STJOS,default,Brooklyn,NY,13,1,#A81933,0,41.74,-73.82,3
232,St. Lawrence,Saints,10,STLAW,default,Canton,NY,16,1,#006633,234,41.74,-73.82,3
233,SUNY-Brockport,Golden Eagles,10,BROCK,default,Brockport,NY,45,1,#005A94,0,41.74,-73.82,3
234,SUNY-Cobleskill,Fighting Tigers,10,COBLE,default,Cobleskill,NY,30,1,#690B0B,232,41.74,-73.82,3
235,SUNY-Cortland,Cortland,10,CORTL,default,Cortland,NY,45,1,#3142AD,0,41.74,-73.82,3
236,SUNY-Fredonia,Blue Devils,10,FREDO,default,Fredonia,NY,45,1,#006953,0,41.74,-73.82,3
237,SUNY-Geneseo,Blue Knights,10,GENES,default,Geneso,NY,45,1,#004A7B,0,41.74,-73.82,3
238,SUNY-IT,Wildcats,10,SUNYI,default,Marcy,NY,30,1,#98012D,0,41.74,-73.82,3
239,SUNY-Maritime,Privateers,10,SUNYT,default,Bronx,NY,36,1,#8C2633,0,41.74,-73.82,3
240,SUNY-Morrisville,Mustangs,10,MORRI,default,Morrisville,NY,30,1,#004231,0,41.74,-73.82,3
241,SUNY-New Paltz,Hawks,10,NEWPA,default,New Paltz,NY,45,1,#205228,0,41.74,-73.82,3
242,SUNY-Old Westbury,Panthers,10,OLDWE,default,Old Westbury,NY,36,1,#CE1126,76,41.74,-73.82,3
243,SUNY-Oneonta,Red Dragons,10,ONEON,default,Oneonta,NY,45,1,#A50010,286,41.74,-73.82,3
244,SUNY-Oswego,Lakers,10,OSWEG,default,Oswego,NY,45,1,#85283D,0,41.74,-73.82,3
245,SUNY-Plattsburgh,Cardinals,10,PLATT,default,Plattsburgh,NY,45,1,#E73139,0,41.74,-73.82,3
246,SUNY-Potsdam,Bears,10,POTSD,default,Potsdam,NY,45,1,#FFBD24,0,41.74,-73.82,3
247,SUNY-Purchase,Panthers,10,PURCH,default,Purchase,NY,36,1,#291B4C,7,41.74,-73.82,3
248,Staten Island,Dolphins,10,STATE,default,Staten Island,NY,5,1,#D10000,289,41.74,-73.82,3
249,Union,Dutchmen,10,UNION,default,Schenectady,NY,16,1,#50011A,0,41.74,-73.82,3
250,Utica,Pioneers,10,UTICA,default,Utica,NY,9,1,#570318,0,41.74,-73.82,3
251,Wells,Express,10,WELLS,default,Aurora,NY,16,1,#712A1B,0,41.74,-73.82,3
252,Yeshiva,Maccabees,10,YESHI,default,New York,NY,36,1,#032845,0,41.74,-73.82,3
253,York College-CUNY,Cardinals,10,CUNYY,default,Queens,NY,5,1,#A20012,0,41.74,-73.82,3
254,Baldwin-Wallace,Yellow Jackets,10,BALDW,default,Berea,OH,33,1,#E24552,0,39.96,-82.99,3
255,Bluffton,Beavers,10,BLUFT,default,Bluffton,OH,12,1,#BB003A,0,39.96,-82.99,3
256,Capital,Crusaders,10,CAPIT,default,Columbus,OH,33,1,#2361AA,0,39.96,-82.99,3
257,Case Western Reserve,Spartans,10,CASEW,default,Cleveland,OH,39,1,#B72931,38,39.96,-82.99,3
258,Defiance,Yellow Jackets,10,DEFIA,default,Bluffton,OH,12,1,#230D3C,0,39.96,-82.99,3
259,Denison,Big Red,10,DENIS,default,Granville,OH,29,1,#18581C,0,39.96,-82.99,3
260,Franciscan,Barons,10,FRANC,default,Steubenville,OH,1,1,#003559,0,39.96,-82.99,3
261,Heidelberg,Student Princes,10,HEIDE,default,Tiffin,OH,33,1,#FF6318,0,39.96,-82.99,3
262,Hiram,Terriers,10,HIRAM,default,Hiram,OH,29,1,#4D1979,0,39.96,-82.99,3
263,John Carroll,Blue Streaks,10,JCU  ,default,University Heights,OH,33,1,#BC0138,0,39.96,-82.99,3
264,Kenyon,Lords,10,KENYO,default,Gambier,OH,29,1,#EE9627,0,39.96,-82.99,3
265,Marietta,Pioneers,10,MARIE,default,Marietta,OH,33,1,#21398C,18,39.96,-82.99,3
266,Mount St. Joseph,Lions,10,MTSTJ,default,Cincinnati,OH,12,1,#440E62,125,39.96,-82.99,3
267,Mount Union,Purple Raiders,10,MOUNT,default,Alliance,OH,33,1,#000099,174,39.96,-82.99,3
268,Muskingum,Fighting Muskies,10,MUSKI,default,New Concord,OH,33,1,#EF7321,0,39.96,-82.99,3
269,Oberlin,Yeomen,10,OBERL,default,Oberlin,OH,29,1,#500000,0,39.96,-82.99,3
270,Ohio Northern,Polar Bears,10,OHION,default,Ada,OH,33,1,#00639C,0,39.96,-82.99,3
271,Ohio Wesleyan,Battling Bishops,10,OHWES,default,Delaware,OH,29,1,#680100,212,39.96,-82.99,3
272,Otterbein,Cardinals,10,OTTER,default,Westerville,OH,33,1,#D60039,0,39.96,-82.99,3
273,Wilmington,Quakers,10,WILMI,default,Wilmington,OH,33,1,#004B7C,0,39.96,-82.99,3
274,Wittenberg,Tigers,10,WITTE,default,Springfield,OH,29,1,#DC6000,0,39.96,-82.99,3
275,Wooster,Fighting Scots,10,WOOST,default,Wooster,OH,29,1,#113B7D,0,39.96,-82.99,3
276,Greensboro,Pride,10,GREEN,default,Greensboro,NC,41,1,#0000FF,0,36.07,-79.79,3
277,Guilford,Quakers,10,GUILD,default,Greensboro,NC,34,1,#00275D,0,36.07,-79.79,3
278,Wheelock,Wildcats,10,WHEEL,default,Boston,MA,25,1,#F3AE22,0,42.35,-71.05,3
279,Methodist,Monarchs,10,METHO,default,Fayetteville,NC,41,1,#A80532,0,35.05,-78.87,3
280,Peace,Pacers,10,PEACE,default,Raleigh,NC,41,1,#084A38,0,35.05,-78.87,3
281,Salem,Spirits,10,SALEM,default,Winston-Salem,NC,11,1,#004273,0,35.05,-78.87,3
282,George Fox,Bruins,10,GEFX ,default,Newberg,OR,32,1,#006117,0,45.52,-122.99,3
283,Lewis & Clark,Pioneers,10,LWCLK,default,Portland,OR,32,1,#00108C,0,45.52,-122.99,3
284,Linfield,Wildcats,10,LINF ,default,McMinnville,OR,32,1,#13214E,0,45.52,-122.99,3
285,Pacific University,Boxers,10,PAC  ,default,Forest Grove,OR,32,1,#0439A7,0,45.52,-122.99,3
286,Willamette,Bearcats,10,WILAM,default,Salem,OR,32,1,#005A94,243,45.52,-122.99,3
287,Albright,Lions,10,ALBRI,default,Reading,PA,20,1,#CE2842,0,40.68,-76.19,3
288,Allegheny,Gators,10,ALLEG,default,Meadville,PA,29,1,#232323,0,40.68,-76.19,3
289,Alvernia,Crusaders,10,ALVER,default,Reading,PA,20,1,#004A8B,248,40.68,-76.19,3
290,Arcadia,Knights,10,ARCAD,default,Asheville,PA,20,1,#092575,92,40.68,-76.19,3
291,Baptist Bible,Defenders,10,BAPTI,default,Clarks Summit,PA,7,1,#21467B,0,40.68,-76.19,3
292,Cabrini,Cavaliers,10,CABRI,default,Radnor,PA,7,1,#1D2F68,0,40.68,-76.19,3
293,Carnegie Mellon,Tartans,10,CARNE,default,Pittsburgh,PA,39,1,#E73139,0,40.68,-76.19,3
294,Chatham,Cougars,10,CHATH,default,Pittsburgh,PA,35,1,#CE4242,0,40.68,-76.19,3
295,Delaware Valley,Aggies,10,DELVA,default,Doylestown,PA,21,1,#003366,0,40.68,-76.19,3
296,DeSales,Bulldogs,10,DESAL,default,Center Valley,PA,21,1,#FF7339,0,40.68,-76.19,3
297,Dickinson,Red Devils,10,DICKI,default,Carlisle,PA,4,1,#964B00,33,40.68,-76.19,3
298,Eastern,Eagles,10,EASTE,default,St. Davids,PA,21,1,#997F3D,0,40.68,-76.19,3
299,Elizabethtown,Blue Jays,10,ELIZA,default,Elizabethtown,PA,20,1,#214231,0,40.68,-76.19,3
300,Franklin & Marshall,Diplomats,10,F&M  ,default,Lancaster,PA,4,1,#002868,0,40.68,-76.19,3
301,Geneva,Golden Tornadoes,10,GENEV,default,Beaver Falls,PA,35,1,#002C62,0,40.68,-76.19,3
302,Gettysburg,Bullets,10,GETTS,default,Gettysburg,PA,4,1,#EDBC31,0,40.68,-76.19,3
303,Grove City,Wolverines,10,GROV ,default,Grove City,PA,35,1,#7B2129,0,40.68,-76.19,3
304,Gwynedd-Mercy,Griffins,10,GWMY ,default,Lower Gwynedd Township,PA,7,1,#FF0000,135,40.68,-76.19,3
305,Haverford,Fords,10,HAV  ,default,Haverford,PA,4,1,#003E22,0,40.68,-76.19,3
306,Immaculata,Mighty Macs,10,IMMA ,default,Immaculata,PA,7,1,#E3A444,0,40.68,-76.19,3
307,Juniata,Eagles,10,JUN  ,default,Huntingdon,PA,15,1,#3E3468,308,40.68,-76.19,3
308,Keystone,Giants,10,KEYS ,default,La Plume,PA,7,1,#A32638,307,40.68,-76.19,3
309,King's College,Monarchs,10,KINGS,default,Wilkes-Barre,PA,21,1,#18005A,0,40.68,-76.19,3
310,La Roche,Redhawks,10,LARO ,default,Pittsburgh,PA,1,1,#00386B,0,40.68,-76.19,3
311,Lebanon Valley,Flying Dutchmen,10,LEBVA,default,Annville,PA,20,1,#6E268B,0,40.68,-76.19,3
312,Lycoming,Warriors,10,LYCO ,default,Williamsport,PA,20,1,#4E1E8A,122,40.68,-76.19,3
313,Marywood,Pacers,10,MARYW,default,Scranton,PA,7,1,#E51636,0,40.68,-76.19,3
314,Messiah,Falcons,10,MESSI,default,Grantham,PA,20,1,#514B52,0,40.68,-76.19,3
315,Misericordia,Cougars,10,MISER,default,Dallas,PA,21,1,#0D0A03,0,40.68,-76.19,3
316,Moravian,Greyhounds,10,MORA ,default,Bethlehem,PA,15,1,#073E2B,0,40.68,-76.19,3
317,Mount Aloysius,Mounties,10,WTHP ,default,Cresson,PA,1,1,#9E0B0E,333,40.68,-76.19,3
318,Muhlenberg,Mules,10,MUHL ,default,Allentown,PA,4,1,#D71034,0,40.68,-76.19,3
319,Neumann,Knights,10,NEU  ,default,Aston,PA,7,1,#006633,320,40.68,-76.19,3
320,Penn State-Abington,Nittany Lions,10,PSUAB,default,Abington,PA,30,1,#FDBB30,319,40.68,-76.19,3
321,Penn State-Altoona,Lions,10,PSUAL,default,Altoona,PA,1,1,#CFB53B,0,40.68,-76.19,3
322,Penn State-Berks College,Nittany Lions,10,PSUBK,default,Reading,PA,30,1,#A36209,69,40.68,-76.19,3
323,Penn State-Erie,Lions,10,PSUE ,default,Erie,PA,1,1,#523921,0,40.68,-76.19,3
324,Penn State-Harrisburg,Lions,10,PSUH ,default,Harrisburg,PA,30,1,#004B80,0,40.68,-76.19,3
325,Philadelphia Biblical,Crimson Eagles,10,PBIB ,default,Langhorne,PA,4,1,#004A81,30,40.68,-76.19,3
326,Pitt-Bradford,Panthers,10,PITTB,default,Bradford,PA,1,1,#961F22,51,40.68,-76.19,3
327,Pitt-Greensburg,Bobcats,10,PTTG ,default,Greensburg,PA,1,1,#1D5083,0,40.68,-76.19,3
328,Rosemont,Ravens,10,ROSEM,default,Rosemont,PA,7,1,#FEBC11,0,40.68,-76.19,3
329,Saint Vincent,Bearcats,10,STVIN,default,Latrobe,PA,35,1,#CE4122,0,40.68,-76.19,3
330,Susquehanna,Crusaders,10,SUSQ ,default,Selinsgrove,PA,15,1,#870006,0,40.68,-76.19,3
331,Swarthmore,Garnet,10,SWAR ,default,Swarthmore,PA,4,1,#CC0000,0,40.68,-76.19,3
332,Thiel,Tomcats,10,THIEL,default,Greenville,PA,35,1,#1B265C,0,40.68,-76.19,3
333,Scranton,Royals,10,SCRA ,default,Scranton,PA,15,1,#013082,317,40.68,-76.19,3
334,Ursinus,Bears,10,URS  ,default,Collegeville,PA,4,1,#001F6B,0,40.68,-76.19,3
335,Washington & Jefferson,Presidents,10,W&J  ,default,Washington,PA,35,1,#A42822,0,40.68,-76.19,3
336,Waynesburg,Yellow Jackets,10,WAYNE,default,Waynesburg,PA,35,1,#900108,0,40.68,-76.19,3
337,Westminster,Titans,10,WESTM,default,New Wilmington,PA,35,1,#006633,347,40.68,-76.19,3
338,Widener,Pride,10,WIDE ,default,Chester,PA,20,1,#660000,0,40.68,-76.19,3
339,Wilkes,Colonels,10,WILKE,default,Wilkes-Barre,PA,21,1,#000098,0,40.68,-76.19,3
340,Wilson,Phoenix,10,WILS ,default,Chambersburg,PA,30,1,#866A17,0,40.68,-76.19,3
341,York College of Pennsylvania,Spartans,10,YORKP,default,York,PA,3,1,#017338,0,40.68,-76.19,3
342,Johnson & Wales,Wildcats,10,J&W  ,default,Providence,RI,10,1,#4D2585,0,41.87,-71.37,3
343,Rhode Island College,Anchormen,10,RIC  ,default,Providence,RI,17,1,#000066,0,41.87,-71.37,3
344,Roger Williams,Hawks,10,ROG  ,default,Bristol,RI,8,1,#004A84,0,41.87,-71.37,3
345,Salve Regina,Seahawks,10,SALVE,default,Newport,RI,8,1,#2B5F49,0,41.87,-71.37,3
346,Presentation,Saints,10,PRES ,default,Aberdeen,SD,40,1,#FF0000,0,45.46,-98.48,3
347,Maryville,Scots,10,MARYV,default,Maryville,TN,11,1,#002662,337,35.14,-90.04,3
348,Rhodes College,Lynx,10,RHODE,default,Memphis,TN,43,1,#002662,0,35.14,-90.04,3
349,Sewanee,Tigers,10,SEWAN,default,Sewanee,TN,43,1,#FFFFFF,0,35.14,-90.04,3
350,Austin College,Kangaroos,10,AUSTI,default,Sherman,TX,44,1,#FFFFFF,0,33.91,-98.49,3
351,Concordia Texas,Tornados,10,CUTEX,default,Austin,TX,2,1,#FFFFFF,0,33.91,-98.49,3
352,Dallas,Crusaders,10,UDAL ,default,Irving,TX,44,1,#FFFFFF,0,33.91,-98.49,3
353,East Texas Baptist,Tigers,10,ETEX ,default,Marshall,TX,2,1,#FFFFFF,0,33.91,-98.49,3
354,Hardin-Simmons,Cowboys,10,HARSI,default,Abilene,TX,2,1,#FFFFFF,0,33.91,-98.49,3
355,Howard Payne,Yellow Jackets,10,HOWPA,default,Brownwood,TX,2,1,#FFFFFF,0,33.91,-98.49,3
356,LeTourneau,Yellow Jackets,10,LETOU,default,Longview,TX,2,1,#FFFFFF,0,33.91,-98.49,3
357,Mary Hardin-Baylor,Crusaders,10,MHBU ,default,Crusaders,TX,2,1,#FFFFFF,0,33.91,-98.49,3
358,McMurry,War Hawks,10,MCMU ,default,Abilene,TX,2,1,#FFFFFF,0,33.91,-98.49,3
359,Schreiner,Mountaineers,10,SCH  ,default,Kerrville,TX,44,1,#FFFFFF,0,33.91,-98.49,3
360,Southwestern,Pirates,10,SWTRN,default,Georgetown,TX,44,1,#FFFFFF,0,33.91,-98.49,3
361,Sul Ross State,Lobos,10,SRSU ,default,Alpine,TX,2,1,#FFFFFF,0,33.91,-98.49,3
362,Texas Luthern,Bulldogs,10,TXLU ,default,Seguin,TX,44,1,#FFFFFF,0,33.91,-98.49,3
363,Trinity University,Tigers,10,TRIN ,default,San Antonio,TX,44,1,#FFFFFF,0,33.91,-98.49,3
364,UT-Dallas,Comets,10,UTXDA,default,Dallas,TX,2,1,#FFFFFF,0,33.91,-98.49,3
365,UT-Tyler,Patriots,10,UTXTY,default,Tyler,TX,2,1,#FFFFFF,0,33.91,-98.49,3
366,Castleton State,Spartans,10,CASTL,default,Castleton,VT,28,1,#FFFFFF,0,44.53,-73.19,3
367,Green Mountain,Eagles,10,GREEN,default,Poultney,VT,28,1,#FFFFFF,0,44.53,-73.19,3
368,Johnson State,Badgers,10,JOHNS,default,Johnson,VT,28,1,#FFFFFF,0,44.53,-73.19,3
369,Lyndon State,Hornets,10,LYND ,default,Lyndonville,VT,28,1,#FFFFFF,0,44.53,-73.19,3
370,Middlebury,Panthers,10,MIDDE,default,Middlebury,VT,26,1,#FFFFFF,0,44.53,-73.19,3
371,Norwich,Cadets,10,NORW ,default,Northfield,VT,10,1,#FFFFFF,0,44.53,-73.19,3
372,Southern Vermont,Mountaineers,10,SOUVT,default,Bennington,VT,25,1,#FFFFFF,0,44.53,-73.19,3
373,Bethany,Bison,10,BETH ,default,Bethany,WV,35,1,#FFFFFF,0,40.2,-80.55,3
374,Pacific Lutheran,Lutes,10,PLU  ,default,Tacoma,WA,32,1,#FFFFFF,0,47.6,-122.33,3
375,Puget Sound,Loggers,10,PUGET,default,Tacoma,WA,32,1,#FFFFFF,0,47.6,-122.33,3
376,Whitman,Missionaires,10,WHIT ,default,Walla Walla,WA,32,1,#FFFFFF,0,47.6,-122.33,3
377,Whitworth,Pirates,10,WORTH,default,Spokane,WA,32,1,#FFFFFF,0,47.6,-122.33,3
378,Averett,Cougars,10,AVER ,default,Danville,VA,41,1,#FFFFFF,0,33.53,-77.46,3
379,Bridgewater College,Eagles,10,BRIG ,default,Bridgewater,VA,34,1,#FFFFFF,0,33.53,-77.46,3
380,Christopher Newport,Eagles,10,CNU  ,default,Newport News,VA,41,1,#FFFFFF,0,33.53,-77.46,3
381,Eastern Mennonite,Royals,10,EASTM,default,Harrisonberg,VA,34,1,#FFFFFF,0,33.53,-77.46,3
382,Emory and Henry,Wasps,10,EMORH,default,Emory,VA,34,1,#FFFFFF,0,33.53,-77.46,3
383,Ferrum,Panthers,10,FERRU,default,Ferrum,VA,41,1,#FFFFFF,0,33.53,-77.46,3
384,Hampden-Sydney,Tigers,10,HAMPS,default,Hampden Sydney,VA,34,1,#FFFFFF,0,33.53,-77.46,3
385,Hollins,,10,HOLLI,default,Roanoke,VA,34,1,#FFFFFF,0,33.53,-77.46,3
386,Lynchburg,Hornets,10,LYNCH,default,Lynchburg,VA,34,1,#FFFFFF,0,33.53,-77.46,3
387,Mary Baldwin,Fighting Squirrels,10,MARYB,default,Staunton,VA,41,1,#FFFFFF,0,33.53,-77.46,3
388,Mary Washington,Eagles,10,MARYW,default,Fredericksburg,VA,3,1,#FFFFFF,0,33.53,-77.46,3
389,Marymount,Saints,10,MARYM,default,Arlington,VA,3,1,#FFFFFF,0,33.53,-77.46,3
390,Randolph,WildCats,10,RANDO,default,Lynchburg,VA,34,1,#FFFFFF,0,33.53,-77.46,3
391,Randolph-Macon,Yellow Jackets,10,RANDO,default,Ashland,VA,34,1,#FFFFFF,0,33.53,-77.46,3
392,Roanoke,Maroons,10,ROANO,default,Salem,VA,34,1,#FFFFFF,0,33.53,-77.46,3
393,Shenandoah,Hornets,10,SHENA,default,Winchester,VA,34,1,#FFFFFF,0,33.53,-77.46,3
394,Virginia Wesleyan,Marlins,10,VAWES,default,Virginia Beach,VA,34,1,#FFFFFF,0,33.53,-77.46,3
395,Washington and Lee,Generals,10,WASHL,default,Lexington,VA,34,1,#FFFFFF,0,33.53,-77.46,3
396,Alverno,Inferno,10,ALVER,default,Milwaukee,WI,31,1,#FFFFFF,0,42.57,-90.23,3
397,Beloit,Buccaneers,10,BELOI,default,Beloit,WI,22,1,#FFFFFF,0,42.57,-90.23,3
398,Carroll,Pioneers,10,CARRO,default,Waukesha,WI,22,1,#FFFFFF,0,42.57,-90.23,3
399,Carthage,Red Men,10,CARTH,default,Kenosha,WI,6,1,#FFFFFF,0,42.57,-90.23,3
400,Concordia Wisconsin,Falcons,10,CONCW,default,Mequon,WI,31,1,#FFFFFF,0,42.57,-90.23,3
401,Edgewood,Eagles,10,EDGE ,default,Madison,WI,31,1,#FFFFFF,0,42.57,-90.23,3
402,Lakeland,Muskies,10,LAKEL,default,Sheboygan,WI,31,1,#FFFFFF,0,42.57,-90.23,3
403,Lawrence,Vikings,10,LAWRE,default,Appleton,WI,22,1,#FFFFFF,0,42.57,-90.23,3
404,Maranatha Baptist,Crusaders,10,MARAN,default,Watertown,WI,31,1,#FFFFFF,0,42.57,-90.23,3
405,Marian,Sabres,10,MARIA,default,Fond du Lac,WI,31,1,#FFFFFF,0,42.57,-90.23,3
406,Milwaukee School of Engineering,Raiders,10,MSOE ,default,Milwaukee,WI,31,1,#FFFFFF,0,42.57,-90.23,3
407,Mount Mary,Blue Angels,10,MTMAR,default,Milwaukee,WI,13,1,#FFFFFF,0,42.57,-90.23,3
408,Northland,Lumberjacks,10,NORTH,default,Ashland,WI,40,1,#FFFFFF,0,42.57,-90.23,3
409,Ripon,Red Hawks,10,RIPON,default,Ripon,WI,22,1,#FFFFFF,0,42.57,-90.23,3
410,St. Norbert,Green Knights,10,STNOR,default,De Pere,WI,22,1,#FFFFFF,0,42.57,-90.23,3
411,UW-Eau Claire,Blugolds,10,EAUCL,default,Eau Claire,WI,42,1,#FFFFFF,0,42.57,-90.23,3
412,UW-La Crosse,Eagles,10,LACRO,default,La Crosse,WI,42,1,#FFFFFF,0,42.57,-90.23,3
413,UW-Oshkosh,Titans,10,OSHKO,default,Oshkosh,WI,42,1,#FFFFFF,0,42.57,-90.23,3
414,UW-Platteville,Pioneers,10,PLATT,default,Platteville,WI,42,1,#FFFFFF,0,42.57,-90.23,3
415,UW-River Falls,Falcons,10,RIVER,default,River Falls,WI,42,1,#FFFFFF,0,42.57,-90.23,3
416,UW-Stevens Point,Pointers,10,STEVE,default,Stevens Point,WI,42,1,#FFFFFF,0,42.57,-90.23,3
417,UW-Stout,Blue Devils,10,STOUT,default,Menomonie,WI,42,1,#FFFFFF,0,42.57,-90.23,3
418,UW-Superior,Yellow Jackets,10,SUPER,default,Superior,WI,42,1,#FFFFFF,0,42.57,-90.23,3
419,UW-Whitewater,Warhawks,10,WHITE,default,Whitewater,WI,42,1,#FFFFFF,0,42.57,-90.23,3
420,Wisconsin Lutheran,Warriors,10,WISCL,default,Milwaukee,WI,31,1,#FFFFFF,0,42.57,-90.23,3
