City,State,Latitude,Longitude,Population
Shanghai,China,31.045556,121.399722,14608512
Peking,China,39.928889,116.388333,7480601
Wuhan,China,30.580125,114.273405,4184206
Chongqing,China,29.562778,106.552778,3967028
Xian,China,34.258333,108.928611,3953191
Chengdu,China,30.666667,104.066667,3950437
Tianjin,China,39.142222,117.176667,3766207
Shenyang,China,41.792222,123.432778,3512192
Harbin,China,45.75,126.65,3229883
Guangzhou,China,23.116667,113.25,3152825
Nanjing,China,32.061667,118.777778,3087010
Taiyuan,China,37.726944,112.470833,2722475
Changchun,China,43.88,125.322778,2537421
Jinan,China,36.668333,116.997222,2069266
Tangshan,China,37.3325,114.701389,2054526
Dalian,China,38.912222,121.602222,2035307
Jilin,China,43.850833,126.560278,1881977
Hangzhou,China,30.29365,120.161419,1878129
Nanchang,China,28.55,115.933333,1871351
Qingdao,China,36.098611,120.371944,1642245
Xinyang,China,32.095833,114.120278,1590668
Ürümqi,China,43.800965,87.600459,1508225
Lanzhou,China,36.056389,103.792222,1417742
Fushun,China,41.7,123.883333,1400646
Luoyang,China,34.683611,112.453611,1390581
Hefei,China,31.863889,117.280833,1388904
Handan,China,36.566667,114.533333,1358318
Suzhou,China,31.311389,120.618056,1343091
Anshan,China,41.123611,122.99,1199275
Xuzhou,China,34.180454,117.15707,1199193
Fuzhou,China,26.061389,119.306111,1179720
Guiyang,China,26.583333,106.716667,1171633
Wuxi,China,31.568873,120.288573,1108647
Datong,China,40.093611,113.291389,1052678
Xianyang,China,34.33778,108.70261,1034081
Huainan,China,32.626389,116.996944,1027655
Kunming,China,25.038889,102.718333,1023674
Shenzhen,China,22.533333,114.133333,1002592
Rongcheng,China,23.528858,116.364159,1001985
Baoding,China,38.851111,115.490278,995652
Benxi,China,41.288611,123.765,987717
Changzhou,China,31.783333,119.966667,949018
Huaibei,China,33.974444,116.791667,903039
Pingdingshan,China,33.738472,113.301194,889675
Qiqihar,China,47.340833,123.967222,882364
Wenzhou,China,27.999416,120.66682,865672
Nanning,China,22.816667,108.316667,803788
Anyang,China,36.099444,114.328889,781129
Hohhot,China,40.810556,111.652222,774477
Xining,China,36.616667,101.766667,767531
Liuzhou,China,24.312582,109.389157,763168
Qinhuangdao,China,39.931667,119.588333,759718
Hengyang,China,26.888056,112.615,759602
Taian,China,36.185278,117.12,750340
Xinxiang,China,35.308889,113.867222,743601
Hegang,China,47.4,130.366667,743307
Langfang,China,39.509722,116.694722,720119
Ningbo,China,29.878186,121.549453,719867
Yantai,China,37.533333,121.4,719332
Zhuzhou,China,27.691868,113.152137,709358
Zhangjiakou,China,40.81,114.879444,692602
Zigong,China,29.341622,104.776887,689961
Fuxin,China,42.015556,121.658889,689050
Liaoyang,China,41.226111,123.056111,687890
Zhangdian,China,36.790556,118.063333,669770
Puyang,China,35.702778,115.005278,666322
Nantong,China,32.030278,120.874722,666251
Mudanjiang,China,44.583333,129.6,665915
Shaoyang,China,26.965893,111.241376,649452
Guilin,China,25.281944,110.286389,649352
Zhanjiang,China,21.281452,110.342713,637790
Zhenjiang,China,32.209167,119.434167,632552
Dandong,China,40.129167,124.394722,631973
Shaoguan,China,24.8,113.583333,628749
Yancheng,China,33.385556,120.125278,628441
Foshan,China,23.026771,113.131483,627348
Haikou,China,20.045833,110.341667,615835
Taizhou,China,32.493333,119.910627,612356
Xingtai,China,37.063056,114.494167,611739
Jinzhou,China,41.107778,121.141667,604269
Luancheng,China,37.879167,114.651667,597130
Yingkou,China,40.637318,122.502508,591159
Zhangzhou,China,24.513333,117.655556,589831
Xiamen,China,24.479794,118.081869,578337
Kaifeng,China,34.744167,114.418611,576915
Bengbu,China,32.940833,117.360833,576648
Shihezi,China,44.3,86.033333,572772
Huaiyin,China,33.588611,119.019167,555230
Jiamusi,China,46.833333,130.35,549549
Neijiang,China,29.583536,105.06216,546854
Maanshan,China,31.695678,118.498248,540198
Yangzhou,China,32.397222,119.435833,539715
Tanggu,China,39.021111,117.646944,535298
Jiangmen,China,22.583333,113.083333,532419
Yueyang,China,29.140833,113.111111,528140
Cangzhou,China,38.316667,116.866667,527681
Changde,China,29.046378,111.678304,517780
Jiaozuo,China,35.239722,113.233056,517540
Wuhu,China,31.14607,118.57069,507524
Zhuhai,China,22.276944,113.567778,501199
Shashi,China,30.307222,112.244722,498780
Yichang,China,30.77135,111.321458,476725
Yinchuan,China,38.468056,106.273056,475101
Maoming,China,21.65,110.9,473251
Jiaojiang,China,28.680278,121.442778,470804
Zunyi,China,27.543056,106.823056,466292
Jiaxing,China,30.752198,120.749997,466101
Xiangfan,China,32.042203,112.144794,462956
Panzhihua,China,26.547902,101.705386,461513
Hengshui,China,37.732222,115.701111,456356
Jining,China,35.405,116.581389,450327
Chengde,China,40.770278,118.169722,449325
Xuchang,China,34.016667,113.816667,449258
Baoji,China,34.365907,107.359045,438295
Luqiao,China,28.580835,121.377148,427890
Chaozhou,China,23.665129,116.637864,424787
Shaoxing,China,30.011019,120.571528,421283
Luohe,China,33.571667,114.035278,417356
Chaoyang,China,41.570278,120.458611,410005
Shiyan,China,32.6475,110.778056,408055
Jixi,China,45.3,130.966667,403759
Yangjiang,China,21.85,111.966667,399735
Weifang,China,36.71,119.101944,394732
Xinpu,China,34.599722,119.159444,392444
Dezhou,China,37.448611,116.2925,379555
Zhoukou,China,33.633333,114.633333,377061
Xuanhua,China,40.610278,115.044722,373422
Pingxiang,China,27.616667,113.85,372123
Zhaoqing,China,23.051157,112.459722,361969
Anqing,China,30.509167,117.050556,358661
Sanmenxia,China,34.774722,111.181389,357767
Anshun,China,26.25,105.933333,351936
Chifeng,China,42.268333,118.963611,346654
Qitaihe,China,45.8,130.85,345033
Zhongshan,China,22.520576,113.382318,342306
Aksu,China,41.123056,80.264444,340020
Tieling,China,42.293056,123.841389,333907
Yanji,China,42.771389,129.423333,326957
Shangrao,China,28.453221,117.968604,318769
Baicheng,China,45.616667,122.816667,316970
Jinxi,China,40.764317,120.85327,313247
Tongling,China,30.933333,117.816667,312588
Jingdezhen,China,29.2947,117.207887,310565
Dongying,China,37.456389,118.485556,306450
Luzhou,China,28.872391,105.44049,295056
Beihai,China,21.483333,109.1,289568
Huizhou,China,23.083333,114.4,289201
Chuzhou,China,32.321944,118.297778,280582
Kashi,China,39.454722,75.979722,274717
Yingcheng,China,30.95,113.55,265886
Wuzhou,China,23.483333,111.316667,265846
Hulan Ergi,China,47.204167,123.633333,265344
Mianyang,China,31.459339,104.754235,264136
Tongliao,China,43.6125,122.265278,261110
Jiujiang,China,29.60794,115.887205,258807
Jining,China,41.0275,113.105833,258757
Yining,China,43.881111,81.245833,257671
Heze,China,35.243056,115.441111,254602
Zhumadian,China,32.979444,114.029444,253536
Laohekou,China,32.385833,111.667778,253112
Suihua,China,46.640556,126.996944,252245
Nanyang,China,32.994722,112.532778,251532
Ganzhou,China,25.85,114.933333,249071
Rizhao,China,35.390278,119.545833,246387
Hebi,China,35.899167,114.1925,244662
Yibin,China,28.699702,104.549173,242111
Xiantao,China,30.383333,113.4,239406
Yuci,China,37.680278,112.731944,235929
Linfen,China,36.088889,111.518889,232566
Liaocheng,China,36.443889,115.964722,226930
Ranghulu,China,46.65,124.866667,226298
Tianmen,China,30.65,113.1,224871
Tongchuan,China,34.898799,108.950562,223603
Xintai,China,35.900556,117.751944,222459
Wuxue,China,29.850578,115.552504,220661
Haibowan,China,39.664722,106.812222,218427
Guangyuan,China,32.442015,105.822996,213365
Hailar,China,49.2,119.7,211066
Daliang,China,22.850416,113.247006,210411
Shuangyashan,China,46.636111,131.153889,209521
Sanming,China,26.248611,117.618611,209444
Hangu,China,39.248889,117.789167,208369
Suzhou,China,33.636111,116.978889,205130
Nanchong,China,30.775757,106.102938,204368
Yiyang,China,28.589167,112.328333,202608
Linxia,China,35.600278,103.206389,202402
Yuncheng,China,35.023056,110.992778,201950
Changji,China,44.016667,87.316667,198776
Kaiyuan,China,23.697668,103.303723,198423
Mentougou,China,39.939167,116.091667,197772
Ezhou,China,30.396072,114.886546,193652
Humen,China,22.818985,113.673064,191891
Haicheng,China,40.851582,122.747537,191651
Zouxian,China,35.400556,116.965556,190537
Wanxian,China,30.803889,108.389722,188980
Donghai,China,22.945935,115.642043,188602
Baiyin,China,36.558333,104.208056,188533
Xiaolan,China,22.673811,113.231874,187865
Kuytun,China,44.416667,85,187242
Zaoyang,China,32.127222,112.754167,184509
Quanzhou,China,24.913889,118.585833,184143
Badaojiang,China,41.943056,126.428611,183880
Zaozhuang,China,34.864722,117.554167,183665
Anda,China,46.4,125.316667,181271
Shangqiu,China,34.383333,115.616667,181218
Luan,China,31.756944,116.491389,179665
Korla,China,41.759722,86.146944,179465
Qianjiang,China,30.415128,112.88595,179079
Chenzhou,China,25.8,113.033333,179038
Yizheng,China,32.269167,119.178889,176006
Honghu,China,29.816667,113.466667,175761
Jiutai,China,44.1525,125.832778,175115
Karamay,China,45.600376,84.860142,174828
Bozhou,China,33.877222,115.770278,174140
Licheng,China,23.295537,113.828357,172775
Weinan,China,34.503546,109.508908,172321
Jian,China,27.05,114.9,171718
Dongling,China,41.814444,123.575833,171454
Fuyang,China,32.9,115.816667,170023
Laiyang,China,36.975833,120.713611,169594
Fuling,China,29.702222,107.391944,166507
Gaozhou,China,21.939243,110.846074,166069
Wulanhaote,China,46.083333,122.083333,165846
Jiaozhou,China,36.283889,120.003333,165026
Hengshan,China,45.2,130.916667,164844
Tongzhou,China,39.905278,116.599444,163326
Anbu,China,23.448953,116.680916,162964
Zhicheng,China,30.295556,111.504722,159383
Huzhou,China,30.870301,120.093297,158320
Nanpiao,China,41.098218,120.747923,157044
Yichun,China,47.7,128.9,155762
Beipiao,China,41.791944,120.779167,154999
Guangshui,China,31.616111,113.815556,154771
Leshan,China,29.562275,103.76386,154477
Zhaodong,China,46.083333,125.983333,154406
Xinzhou,China,38.409167,112.733333,154003
Boshan,China,36.483333,117.833333,153596
Chuncheng,China,22.166667,111.783333,153547
Linhai,China,28.85,121.116667,152937
Dingzhou,China,38.513056,114.995556,152934
Weihai,China,37.501667,122.113611,152595
Chenghai,China,23.461319,116.770071,152453
Deyang,China,31.130192,104.381981,152194
Yichun,China,27.833333,114.4,152169
Longfeng,China,46.55,125.116667,152074
Kaili,China,26.5,107.583333,151956
Qingyuan,China,23.7,113.033333,151287
Gaomi,China,36.383333,119.752778,150793
Loudi,China,27.734444,111.994444,150684
Huangyan,China,28.647778,121.259444,150448
Dunhua,China,43.3725,128.2425,148844
Yulin,China,22.633333,110.15,148485
Chizhou,China,30.657778,117.483056,148375
Sujiatun,China,41.659167,123.339167,148113
Honggang,China,46.466667,124.866667,147977
Qujing,China,25.483333,103.783333,146015
Hanzhong,China,33.072778,107.030278,145986
Beian,China,48.266667,126.6,145670
Taicheng,China,22.251347,112.779904,145440
Acheng,China,45.545452,126.977031,144665
Jinchang,China,38.495278,102.173889,144363
Jinhua,China,29.107778,119.654722,142206
Jieshou,China,33.25,115.35,141993
Gongzhuling,China,43.507222,124.812222,140909
Sanbu,China,22.36078,112.688088,140454
Yushan,China,31.377623,120.954305,140039
Altay,China,47.866667,88.116667,139341
Huadian,China,42.963333,126.747778,139047
Fuyu,China,45.183333,124.816667,138704
Chaohu,China,31.6,117.866667,138463
Jieshi,China,22.813377,115.825742,137444
Hami,China,42.8,93.45,137072
Shizuishan,China,39.041944,106.395833,136570
Gejiu,China,23.306022,103.163512,136135
Yongan,China,25.98,117.364167,134858
Dali,China,25.7,100.183333,134040
Puqi,China,29.716667,113.883333,132891
Ankang,China,32.68,109.017222,132654
Zalantun,China,48,122.716667,132224
Dawukou,China,39.041944,106.395833,131880
Daxian,China,31.215921,107.500922,130749
Shuangcheng,China,45.35,126.283333,130710
Wuning,China,29.258873,120.231083,130387
Haicheng,China,22.975326,115.331794,130386
Jiazi,China,22.877914,116.067054,130298
Wuda,China,39.499444,106.711667,129922
Leiyang,China,26.402382,112.859078,129116
Xuanzhou,China,30.9525,118.755278,127758
Huaihua,China,27.549444,109.959167,127322
Jiangyou,China,31.766667,104.716667,127225
Xichang,China,27.896422,102.263415,126787
Danshui,China,22.798396,114.467158,126701
Macheng,China,31.178333,115.031944,126366
Huicheng,China,23.038449,116.28988,125919
Linchuan,China,27.938274,116.292688,125847
Longyan,China,25.107222,117.0225,125778
Xiazhen,China,34.802222,117.111667,125667
Haimen,China,23.193486,116.614218,125427
Ruian,China,27.776047,120.658588,125208
Shahe,China,36.854722,114.4975,125132
Suining,China,30.508017,105.573324,124924
Yushu,China,44.8,126.533333,124736
Laiwu,China,36.192778,117.656944,124108
Jiupu,China,41.066667,122.95,123843
Baoshan,China,46.558611,131.424444,123791
Luoyang,China,23.162442,114.273423,123144
Jiaohe,China,43.728611,127.344722,123018
Huangzhou,China,30.45,114.8,122563
Shishou,China,29.716667,112.4,122411
Zhoucun,China,36.816667,117.816667,122402
Jiayuguan,China,39.816667,98.3,122396
Nancha,China,47.133333,129.266667,121367
Fengcheng,China,40.453611,124.071667,120514
Daan,China,29.382222,106.015,120340
Xingyi,China,25.05,104.983333,119000
Lasa,China,29.65,91.1,118721
Bantou,China,25.443056,118.403333,118557
Liusha,China,23.310722,116.168691,118023
Shunyi,China,40.125,116.645278,117623
Longjing,China,42.771389,129.423333,117185
Yidu,China,36.696667,118.479722,117056
Zhuozhou,China,39.481111,115.963333,116310
Huangpu,China,23.053325,113.512148,116307
Yakeshi,China,49.283333,120.733333,116284
Binzhou,China,37.366667,118.016667,115893
Yingcheng,China,24.165876,113.412675,115538
Lengshuijiang,China,27.688056,111.429444,115399
Wencheng,China,37.193611,122.051111,115370
Mingshui,China,36.716667,117.5,114858
Yuyao,China,30.05,121.149444,114177
Pingshan,China,22.993761,114.713109,113631
Qianguo,China,45.117115,124.856761,113611
Maba,China,24.684125,113.598386,113609
Taonan,China,45.333333,122.783333,112819
Haikou,China,24.779854,102.575483,112644
Shaowu,China,27.340891,117.483096,112585
Beibei,China,29.825556,106.433889,112019
Dongtai,China,32.852311,120.309472,110988
Encheng,China,22.183892,112.302597,110921
Zhuji,China,29.718765,120.242333,110721
Dongli,China,20.791389,110.349722,110107
Linqing,China,36.845556,115.711667,110046
Zhucheng,China,35.994722,119.3975,109968
Linshui,China,36.424722,114.204722,109955
Hailun,China,47.45,126.933333,109881
Shilong,China,23.112269,113.842476,109733
Tieli,China,46.95,128.05,109636
Didao,China,45.366667,130.8,109561
Heihe,China,50.266667,127.466667,109427
Zhaotong,China,27.316667,103.716667,109400
Wuwei,China,37.928056,102.641389,109319
Hulan,China,45.983333,126.6,109104
Rongcheng,China,29.845047,112.951441,108908
Yingzhong,China,31.166111,112.583056,108883
Dehui,China,44.533333,125.7,108818
Yaan,China,29.989788,103.003694,108758
Nehe,China,48.483333,124.833333,108253
Pingliang,China,35.539167,106.686111,108156
Yanan,China,36.598889,109.491667,107960
Jiangyin,China,31.905063,120.26851,107918
Jiangyin,China,31.928249,120.312567,107918
Shaping,China,22.477547,112.845784,107589
Lianran,China,24.922707,102.484959,106795
Longjiang,China,47.330278,123.183611,106384
Buhe,China,30.287567,112.229788,106347
Zhaoyang,China,32.939167,119.834167,105918
Anqiu,China,36.434167,119.1925,105665
Tengzhou,China,35.077061,117.151758,105456
Huangcun,China,39.721389,116.329167,104904
Pulandian,China,39.395278,121.966944,104277
Meilu,China,21.45713,110.765907,104168
Jinchengjiang,China,24.7,108.033333,104138
Jishu,China,44.316667,126.8,103988
Zhoucheng,China,24.355,102.542222,103829
Xiangdong,China,27.7,113.7,103815
Jishou,China,28.316667,109.716667,102332
Rongcheng,China,26.266667,104.016667,102157
Wufeng,China,27.45,104.833333,101728
Qinzhou,China,21.95,108.616667,100996
Zhaocheng,China,37.359167,120.396389,100774
Houma,China,35.61358,111.356601,100630
Liancheng,China,21.646734,110.28172,100341
Linxi,China,39.7,118.433333,100316
Dongsheng,China,39.816085,109.977629,99809
Meihekou,China,42.527222,125.675278,99419
Xingcheng,China,40.616667,120.716667,98968
Lishui,China,28.460417,119.910291,98946
Renqiu,China,38.698889,116.093611,98569
Dongzhen,China,22.373029,110.947456,98259
Chengzihe,China,45.333333,131.066667,98188
Liling,China,27.666667,113.5,98162
Nongan,China,44.381982,125.168469,98087
Heyang,China,29.994722,106.257222,97575
Xinyu,China,27.804294,114.933354,97480
Fangshan,China,39.698333,115.9925,97026
Zhangye,China,38.934167,100.451667,96228
Yuncheng,China,22.930558,112.037297,96192
Lubu,China,23.174221,112.280936,95820
Jinsha,China,32.089817,121.073546,95647
Ducheng,China,23.237294,111.53172,95525
Shenjiamen,China,29.957625,122.298017,95433
Boli,China,45.766667,130.516667,95260
Xiaoshan,China,30.167456,120.258831,95234
Enshi,China,30.3,109.483333,95227
Wuchang,China,44.914282,127.150007,94786
Yongchang,China,29.351389,105.894722,94465
Ximei,China,24.963889,118.379444,94326
Yishui,China,35.784722,118.628056,94115
Yuancheng,China,23.733333,114.683333,93718
Baijiantan,China,45.633333,85.183333,93697
Zhengjiatun,China,43.506389,123.506389,93666
Changping,China,40.218611,116.219722,93174
Lianzhou,China,24.781111,112.3825,92827
Danjiangkou,China,32.542778,111.508611,92008
Zhongshu,China,24.516667,103.766667,91750
Huazhou,China,21.633333,110.583333,91701
Yatou,China,37.15,122.383333,91517
Lingyuan,China,41.24,119.401111,91418
Duyun,China,26.266667,107.516667,91136
Pingdu,China,36.784444,119.946389,91077
Gaoyou,China,32.785833,119.427778,90911
Hanting,China,36.770833,119.210833,90637
Bose,China,23.899722,106.613333,90603
Tongren,China,27.717222,109.185278,90593
Xihe,China,31.686355,113.465846,90422
Huayang,China,30.510299,104.054219,90365
Duobao,China,30.670005,112.689517,90257
Sishui,China,35.648889,117.275833,90175
Laizhou,China,37.171667,119.921389,90070
Huaidian,China,33.433333,115.033333,89978
Xiongyue,China,40.177368,122.122844,89887
Choucheng,China,29.315056,120.076764,89629
Fujin,China,47.26,132.032222,89442
Huaicheng,China,23.905134,112.193144,89294
Lujiang,China,31.233572,117.280566,89119
Hede,China,33.768056,120.251667,89107
Lengshuitan,China,26.411098,111.595592,88935
Wangqing,China,43.321787,129.763416,88732
Yuzhou,China,34.162778,113.463889,87961
Hanchuan,China,30.65,113.766667,87737
Qiongshan,China,20.005833,110.354167,87657
Xiangxiang,China,27.733333,112.533333,87592
Deqing,China,30.541667,119.9575,87576
Ziyang,China,30.121083,104.648106,87400
Mishan,China,45.543056,131.882222,87257
Nenjiang,China,49.183333,125.216667,87236
Shizilu,China,35.171111,118.828889,86749
Nanfeng,China,23.743439,111.795934,86129
Yongzhou,China,26.423889,111.613056,86095
Dayong,China,29.129444,110.478333,86083
Helong,China,42.539744,128.99722,85756
Hailin,China,44.583333,129.416667,85578
Nanding,China,36.748333,118.055833,85495
Guozhen,China,34.365907,107.359045,85415
Dengzhou,China,37.808611,120.750833,85279
Qufu,China,35.596667,116.991111,85144
Yumen,China,39.833333,97.733333,84769
Dinghai,China,30.010754,122.204649,84380
Dafeng,China,33.199728,120.457805,84323
Keshan,China,48.066667,125.9,84292
Jinxiang,China,27.432654,120.60625,84231
Jiangdu,China,32.436667,119.550833,83936
Lingdong,China,46.566944,131.145278,83636
Nanzhang,China,31.783941,111.827518,83604
Tancheng,China,34.613611,118.339722,83467
Xucheng,China,20.350001,110.128837,83267
Taihe,China,30.871229,105.384542,83018
Hecun,China,36.533333,114.111111,83009
Ningyang,China,35.764167,116.791389,82994
Yuanping,China,38.715278,112.7575,82883
Yunhe,China,34.311389,117.950278,82641
Changqing,China,36.5575,116.727222,82598
Jiancheng,China,30.390968,104.549121,82563
Shache,China,38.416667,77.240556,82509
Yima,China,34.738056,111.883889,82509
Shangzhi,China,45.214033,127.950313,82419
Nangong,China,37.358056,115.374444,82386
Lushunkou,China,38.8,121.266667,82345
Quzhou,China,28.959444,118.868611,82216
Tangping,China,22.026471,111.93229,81729
Yudong,China,29.385,106.519444,81408
Mata,China,21.617844,111.336796,81166
Feicheng,China,35.260556,117.9675,80929
Shanting,China,35.075278,117.457778,80843
Gushi,China,32.2,115.8,80666
Zhuanghe,China,39.700833,122.991111,80384
Tongzi,China,28.1375,106.82,80344
Xushan,China,30.176405,121.245702,80299
Baoying,China,33.229167,119.309167,80292
Nanhai,China,30.128189,111.778369,80290
Dashiqiao,China,40.637318,122.502508,80223
Panshi,China,42.942222,126.056111,80200
Taixing,China,32.166667,120.013611,79655
Tangjiazhuang,China,39.733333,118.45,79489
Shouguang,China,36.88,118.7375,79212
Shenxian,China,36.241111,115.667222,79196
Suicheng,China,21.414225,110.236498,79141
Qixia,China,37.2975,120.825556,79106
Xiongzhou,China,25.116667,114.3,79050
Xinzhou,China,30.866667,114.8,78767
Shitanjing,China,39.234167,106.343889,78765
Tumen,China,42.966111,129.8425,78719
Youhao,China,47.866667,128.833333,78402
Pingyi,China,35.500556,117.630833,78254
Linping,China,30.4225,120.297222,78180
Rucheng,China,32.388333,120.555278,77947
Linkou,China,45.3,130.283333,77754
Bijie,China,27.3125,105.294167,77645
Huangmei,China,30.192347,116.024959,77633
Songling,China,31.193303,120.717577,77566
Jishui,China,33.733333,115.4,77540
Linqu,China,36.515556,118.539722,77472
Shulan,China,44.35,126.8,77420
Yanzhou,China,35.552778,116.828611,77276
Jiexiu,China,37.024444,111.9125,77178
Hunchun,China,42.8675,130.358056,77028
Tunxi,China,29.711389,118.3125,77000
Liangxiang,China,39.731944,116.14,76744
Zhifang,China,30.35,114.316667,76682
Fulitun,China,46.721667,131.139444,76465
Guicheng,China,23.096389,109.609167,76430
Yangliuqing,China,39.1375,116.999722,76387
Qingquan,China,30.45113,115.255931,76154
Lishan,China,34.378027,109.208925,75882
Shuiji,China,36.859167,120.526944,75849
Jiaonan,China,35.878611,119.975278,75656
Fuyü,China,47.641389,124.679444,75147
Huilong,China,31.811111,121.655,74818
Beidao,China,34.568611,105.893333,74767
Yanggu,China,36.110556,115.775278,74725
Aojiang,China,27.59564,120.555371,74636
Shancheng,China,34.795278,116.081667,74459
Nanma,China,36.181667,118.158333,74406
Suixi,China,33.890673,116.774725,74172
Xinmin,China,41.990833,122.825278,74139
Gucheng,China,32.266043,111.634759,74038
Xianshuigu,China,38.985,117.382778,74028
Yunyang,China,33.447432,112.714225,73922
Xiongshi,China,28.288572,117.213291,73732
Lanxi,China,29.21946,119.476953,73706
Genhe,China,50.783333,121.516667,73631
Luocheng,China,29.384813,104.028621,73581
Juegang,China,32.31737,121.185525,73317
Yian,China,47.883333,125.3,73299
Dongdu,China,35.85,117.7,72957
Dongkan,China,33.999722,119.830833,72789
Jiuquan,China,39.73817,98.499328,72732
Huangchuan,China,32.127222,115.039444,72663
Haian,China,32.543611,120.45,72654
Lichuan,China,30.3,108.85,72653
Lanxi,China,46.262222,126.285556,72528
Miyang,China,24.404167,103.442778,72485
Jianhu,China,33.277587,119.959845,72474
Fengzhen,China,40.439444,113.153611,72444
Xinzhi,China,36.498889,111.704722,72303
Liyang,China,31.430795,119.523993,72276
Zhoucheng,China,35.912222,116.311667,72070
Caidian,China,30.583333,114.033333,71891
Xiuyan,China,40.276985,123.282968,71614
Lianzhou,China,21.668198,109.16946,71423
Weihe,China,44.966667,128.383333,71344
Changtu,China,42.778842,124.095447,71284
Anlu,China,31.2575,113.678333,71198
Yilan,China,46.316667,129.566667,71180
Simao,China,22.788627,100.974807,71094
Hanyang,China,27.089167,119.645278,71053
Kuandian,China,40.728611,124.784722,70867
Jimo,China,36.389722,120.462222,70733
Baiquan,China,47.583333,126.083333,70472
Jiangyan,China,32.506111,120.142778,70375
Fuyang,China,30.053333,119.951944,70183
Xiashi,China,30.536294,120.686384,70171
Binzhou,China,23.223785,108.802165,70013
Mengcheng,China,33.266109,116.566052,69916
Wangkui,China,46.833333,126.5,69915
Jiehu,China,35.542778,118.455,69245
Linjiang,China,41.806944,126.907778,69149
Xiaoshi,China,41.297111,124.120918,68994
Chengmai,China,19.6825,110.090278,68720
Heishan,China,41.689167,122.112778,68603
Pengcheng,China,36.431111,114.17,68442
Shima,China,24.447778,117.811111,68375
Mingguang,China,32.780169,117.963776,68351
Ninghai,China,29.289167,121.424722,68330
Kuche,China,41.727778,82.936389,68105
Chaihe,China,44.766667,129.7,67963
Minggang,China,32.458611,114.048611,67945
Tangzhai,China,34.432778,116.591111,67936
Dongfeng,China,42.640309,125.511762,67820
Zhenlai,China,45.849549,123.297296,67760
Songjianghe,China,42.185903,127.478946,67672
Luorong,China,24.405833,109.608611,67593
Wenling,China,28.366944,121.36,67433
Rongcheng,China,25.725,119.379444,67397
Caohe,China,30.2297,115.433461,67370
Pingzhuang,China,42.037222,119.288889,67273
Fengkou,China,30.083333,113.266667,67139
Liuhe,China,42.240066,125.717173,66975
Xihua,China,33.783333,114.516667,66848
Tailai,China,46.383333,123.4,66623
Juxian,China,35.579444,118.832778,66588
Sanchazi,China,42.081667,126.600278,66576
Ningan,China,44.383333,129.433333,66549
Wuan,China,36.694444,114.196389,66523
Lianyuan,China,27.688333,111.664167,66501
Qiyang,China,26.573073,111.841839,66442
Changying,China,34.116667,114.6,66392
Huinan,China,42.6225,126.261389,66315
Luoyang,China,24.959379,118.682998,66188
Bamiantong,China,44.933333,130.533333,66170
Huanren,China,41.260501,125.406431,66147
Huanan,China,46.216667,130.516667,66087
Yangshe,China,31.889945,120.605215,66039
Xiaolingwei,China,32.033333,118.85,66031
Mengyin,China,35.706944,117.926389,65889
Dashitou,China,43.306667,128.511389,65683
Fushan,China,37.495833,121.258056,65622
Babu,China,24.416667,111.516667,65603
Longhua,China,29.116667,107.266667,65565
Yebaishou,China,41.3975,119.640833,65536
Huaiyuan,China,32.958933,117.165658,65530
Dancheng,China,33.633333,115.183333,65411
Bianzhuang,China,34.848611,118.044722,65381
Wangou,China,42.059722,126.915833,65298
Jiaocheng,China,26.661667,119.522778,65170
Fengrun,China,39.833333,118.116667,65150
Kunyang,China,27.665833,120.565833,65009
Wanning,China,18.800278,110.396667,64954
Lingao,China,19.907778,109.685833,64874
Hongan,China,31.362075,114.63689,64831
Xunchang,China,28.454332,104.714984,64580
Yuncheng,China,35.598333,115.934722,64511
Changli,China,39.704167,119.150556,64476
Kaihua,China,23.368701,104.279996,64404
Qinggang,China,46.683333,126.083333,64182
Yangcun,China,39.363889,117.060278,63756
Zhicheng,China,31.006111,119.903611,63753
Mabai,China,23.012792,104.450813,63569
Nanlong,China,31.35333,106.06309,63405
Linshu,China,34.916111,118.638889,63285
Botou,China,38.066667,116.566667,63045
Baoqing,China,46.331667,132.211111,62991
Kaitong,China,44.813513,123.149999,62537
Dengfeng,China,34.455278,113.028056,62375
Zhaozhou,China,45.683333,125.316667,62373
Qianan,China,44.993243,124.058109,62337
Shuangyang,China,43.524167,125.673611,62137
Nianzishan,China,47.516667,122.883333,62131
Yunjinghong,China,21.991015,100.734086,62105
Pingyin,China,36.283056,116.445278,62050
Binzhou,China,45.752809,127.479863,62017
Hushitai,China,41.932222,123.511389,61979
Zhenhai,China,29.969497,121.687529,61979
Huoqiu,China,32.354727,116.293898,61904
Mudu,China,31.251958,120.511792,61902
Nandu,China,22.8525,110.823333,61881
Daye,China,30.083333,114.95,61847
Xinan,China,34.375833,118.345,61816
Jingcheng,China,32.014167,120.2625,61772
Yingshang,China,32.629453,116.270135,61771
Pumiao,China,22.75,108.483333,61690
Xinye,China,32.518611,112.352222,61633
Lishu,China,43.304722,124.327778,61584
Alihe,China,50.566667,123.716667,61582
Dongning,China,44.062188,131.120752,61440
Suicheng,China,33.896298,117.933066,61430
Jijiang,China,29.290556,106.254167,61161
Xifeng,China,42.737222,124.722222,61087
Yicheng,China,31.704722,112.256111,61027
Yanliang,China,34.659177,109.22921,60891
Tahe,China,52.333333,124.733333,60874
Erdaojiang,China,41.776389,126.031944,60831
Tianpeng,China,30.986641,103.939333,60797
Xixiang,China,35.162778,112.865,60745
Mujiayingzi,China,42.116667,118.783333,60627
Baoning,China,31.55037,105.99381,60542
Longkou,China,37.650833,120.328611,60444
Qingan,China,46.879444,127.506667,60408
Dangtu,China,31.559777,118.482888,60335
Wucheng,China,29.600768,118.174951,60212
Yuxia,China,34.061535,108.629046,60206
Qixingtai,China,30.413547,111.887388,60169
Taozhuang,China,34.85,117.333333,60137
Huangzhai,China,33.5,114.783333,60037
Jiangkou,China,25.487222,119.198611,59902
Laibin,China,23.7,109.266667,59835
Wenshang,China,35.7275,116.496111,59455
Zhaoyuan,China,45.5,125.133333,59370
Mingshui,China,47.166667,125.916667,59369
Dengzhou,China,32.682222,112.081944,59338
Gannan,China,47.914722,123.503056,59239
Angangxi,China,47.15,123.81,59211
Hongjiang,China,27.11,109.995556,59199
Zhicheng,China,27.046944,118.325278,59187
Fuli,China,46.721667,131.139444,59160
Haizhou,China,34.581667,119.128889,59098
Yigou,China,35.811389,114.316667,59073
Xiaoweizhai,China,26.190278,107.5125,58913
Mingyue,China,43.106944,128.921667,58872
Suozhen,China,36.953889,118.104722,58766
Jidong,China,45.216667,131.083333,58520
Fenyi,China,27.811166,114.668047,58478
Xinglongshan,China,43.956111,125.466111,58432
Tongchuan,China,31.094069,105.087312,58346
Qidong,China,26.768369,112.108136,58287
Dingtao,China,35.068333,115.5625,58206
Juye,China,35.394722,116.088333,58107
Huangpi,China,30.884534,114.377886,57554
Shanhetun,China,44.7,127.2,57550
Yantongshan,China,43.291944,126.009444,57515
Guiren,China,33.669722,118.188889,57446
Baisha,China,29.959702,115.064265,57417
Zhongxing,China,33.703889,118.679167,57338
Langxiang,China,46.95,128.883333,57318
Yangshan,China,35.183333,116.25,57240
Fengxian,China,34.703882,116.587167,57153
Suileng,China,47.166667,127.3,57124
Baishishan,China,43.583333,127.566667,56992
Ninghai,China,37.383333,121.583333,56937
Jinji,China,23.228056,110.826111,56816
Caohai,China,26.85,104.233333,56744
Daokou,China,35.563889,114.505833,56637
Yashan,China,22.1975,109.941944,56629
Nantai,China,40.924101,122.80437,56478
Hutang,China,31.533333,119.483333,56370
Gaogou,China,34.0175,119.188611,56214
Xuanwu,China,33.966667,115.233333,56195
Dalinghe,China,41.165278,121.366667,56176
Xiaoyi,China,34.76,112.971389,56033
Qinnan,China,33.253056,119.913333,55975
Kouqian,China,43.639137,126.457835,55957
Dalianwan,China,39.008611,121.715833,55841
Linqiong,China,30.415872,103.460885,55587
Luyang,China,33.735638,112.905085,55489
Anjiang,China,27.319444,110.103056,55421
Xinqing,China,48.233333,129.5,55415
Taikang,China,46.833333,124.416667,55316
Ningxiang,China,28.25,112.55,55312
Bayan,China,46.083333,127.4,55186
Huangnihe,China,43.558333,128.023889,54959
Manzhouli,China,49.6,117.433333,54808
Cuiluan,China,47.85,128.533333,54804
Liaozhong,China,41.506111,122.724167,54691
Nanzhou,China,29.359551,112.402433,54449
Anju,China,30.349556,105.455937,54098
Guye,China,39.733333,118.416667,41484
Erenhot,China,43.6475,111.976667,16427
Suifenhe,China,44.4,131.166667,15183
