20,,,,,,,,,,,,,,,,,,,
ID,Name,ShortName,Games,Prestige,Divisions,DivisionOne,DivisionTwo,TourneyTeams,TDay1,TDay2,TDay3,TDay4,TDay5,SeedDiv,D1,D2,D3,TourneyBirth,TourneyType
1,Central Jersey Group 1,CJG1,16,1,1,,,16,175,177,181,187,0,0,sun,wed,fri,1,0
2,Central Jersey Group 2,CJG2,16,2,1,,,16,183,186,187,191,0,0,wed,sat,mon,1,0
3,Central Jersey Group 3,CJG3,16,4,1,,,16,185,186,187,191,0,0,wed,sat,mon,1,0
4,Central Jersey Group 4,CJG4,16,5,1,,,16,175,176,177,181,0,0,sat,wed,mon,1,0
5,North Jersey Non-Public A,NJNPA,16,5,1,,,16,184,185,186,187,0,0,sat,wed,mon,1,0
6,North Jersey Section 1 Group 1,NJS1G1,16,1,1,,,16,177,183,184,185,0,0,sat,fri,tue,1,1
7,North Jersey Section 1 Group 2,NJS1G2,16,2,1,,,16,173,175,177,181,0,0,sat,thu,mon,1,0
8,North Jersey Section 1 Group 3,NJS1G3,16,4,1,,,16,185,186,187,191,0,0,wed,sat,mon,1,0
9,North Jersey Section 1 Group 4,NJS1G4,16,5,1,,,16,184,185,186,187,0,0,thu,sat,tue,1,1
10,North Jersey Section 2 Group 1,NJS2G1,16,1,1,,,16,176,177,181,182,0,0,wed,sat,mon,1,0
11,North Jersey Section 2 Group 2,NJS2G2,16,2,1,,,16,184,185,186,187,0,0,sat,wed,mon,1,0
12,North Jersey Section 2 Group 3,NJS2G3,16,1,1,,,16,0,0,0,0,0,0,Sun,Fri,wed,1,0
13,North Jersey Section 2 Group 4,NJS2G4,16,5,1,,,16,173,176,177,183,0,0,sat,thu,tue,1,1
14,South Jersey Group 1,SJG1,16,1,1,,,16,0,0,0,0,0,0,sat,fri,tue,1,0
15,South Jersey Group 2,SJG2,16,2,1,,,16,176,177,181,182,0,0,thu,sat,tue,1,0
16,South Jersey Group 3,SJG3,16,3,1,,,16,181,182,183,184,0,0,sat,thu,tue,1,0
17,South Jersey Group 4,SJG4,16,4,1,,,16,183,185,186,187,0,0,sat,wed,mon,1,0
18,South Jersey Non-Public A,SJNPA,16,4,1,,,16,184,185,186,187,0,0,mon,sat,fri,1,0
19,South Jersey Non-Public B,SJNPB,16,3,1,,,16,175,176,177,181,0,0,sat,thu,tue,1,0
20,Central Jersey Non-Public A,CJNPA,16,4,1,,,16,175,176,177,181,0,0,sat,thu,tue,1,0
