335,,,,,,,,,,,,,,
ID,Name,Mascot,Prestige,Abbr,Logo,City,State,Conference,Division,TeamColor,TravelPart,Lat,Long,Academics
1,Asbury Park,Blue Bishops,50,ASBPK,default,Asbury Park,NJ,1,1,#1062A9,0,40.7356,-74.1728,1
2,Bound Brook ,,50,BNDBK,default,Bound Brook,NJ,1,1,#0A1E5B,0,40.7356,-74.1728,1
3,Burlington City,Blue Devils,50,BURL,default,Burlington,NJ,1,1,#A42D47,0,40.7356,-74.1728,1
4,East Brunswick Tech,Tigers,50,EBTHS,default,East Brunswick,NJ,1,1,#790000,0,40.7356,-74.1728,1
5,Highland Park,,50,HPKHS,default,Highland Park,NJ,1,1,#EE9D11,0,40.7356,-74.1728,1
6,Keansburg,,50,KEANS,default,Keansburg,NJ,1,1,#331165,0,40.7356,-74.1728,1
7,Keyport,,50,KEYP,default,Keyport,NJ,1,1,#4D3069,0,40.7356,-74.1728,1
8,Manville,,50,MANV,default,Manville,NJ,1,1,#353C91,0,40.7356,-74.1728,1
9,Metuchen,,50,METU,default,Metuchen,NJ,1,1,#FCD116,0,40.7356,-74.1728,1
10,New Egypt,,50,NEWE,default,New Egypt,NJ,1,1,#102142,0,40.7356,-74.1728,1
11,Shore,,50,SHORE,default,West Long Branch,NJ,1,1,#8E0C3A,0,40.7356,-74.1728,1
12,Middlesex,Blue Jays,50,MDSX,default,Middlesex,NJ,1,1,#9C1831,0,40.7356,-74.1728,1
13,Point Pleasant Beach,,50,PTPL,default,Pt. Pleasant Beach,NJ,1,1,#E81018,0,40.7356,-74.1728,1
14,Riverside,Rams,50,RIVER,default,Riverside,NJ,1,1,#993333,0,40.7356,-74.1728,1
15,South Amboy,Governors,50,SAMB,default,South Amboy,NJ,1,1,#FFBD24,0,40.7356,-74.1728,1
16,South River,,50,SRIV,default,South River,NJ,1,1,#CE9C00,0,40.7356,-74.1728,1
17,South Hunterdon,,50,SHUNT,default,South Hunterdon,NJ,1,1,#002649,0,40.7356,-74.1728,1
18,Florence,,50,FLOR,default,Florence,NJ,1,1,#C41E3A,0,40.7356,-74.1728,1
19,Henry Hudson,,50,HEHUD,default,Highlands,NJ,1,1,#DE0000,0,40.7356,-74.1728,1
20,Somerset Tech,,50,SOMTE,default,Bridgewater,NJ,1,1,#004833,0,40.7356,-74.1728,1
21,Bordentown,,50,BORD,default,Bordentown,NJ,2,1,#182142,0,40.7356,-74.1728,1
22,Carteret,,50,CARET,default,Carteret,NJ,2,1,#7B1831,0,40.7356,-74.1728,1
23,Ewing,,50,EWING,default,Ewing,NJ,2,1,#00614A,0,40.7356,-74.1728,1
24,Delran,,50,DELRA,default,Delran,NJ,2,1,#004812,0,40.7356,-74.1728,1
25,Governor Livingston,,50,GOV,default,Berkeley Heights,NJ,2,1,#29299C,0,40.7356,-74.1728,1
26,Hillside,,50,HILLS,default,Hillside,NJ,2,1,#222222,0,40.7356,-74.1728,1
27,North Plainfield,,50,NPLF,default,North Plainfield,NJ,2,1,#CC0000,0,40.7356,-74.1728,1
28,Arthur L. Johnson,Crusaders,50,ALJ,default,Clark,NJ,2,1,#F04C27,0,40.7356,-74.1728,1
29,Lakewood,,50,LKWD,default,Lakewood,NJ,2,1,#B70002,0,40.7356,-74.1728,1
30,Long Branch,,50,LBRN,default,Long Branch,NJ,2,1,#593D2B,0,40.7356,-74.1728,1
31,Manasquan,,50,MANS,default,Manasquan,NJ,2,1,#000060,0,40.7356,-74.1728,1
32,Monmouth,,50,MONM,default,Tinton Falls,NJ,2,1,#004A84,0,40.7356,-74.1728,1
33,Neptune,,50,NEPT,default,Neptune,NJ,2,1,#004F87,0,40.7356,-74.1728,1
34,New Brunswick,,50,NEWBR,default,New Brunswick,NJ,2,1,#002942,0,40.7356,-74.1728,1
35,Somerville,,50,SOMV,default,Somerville,NJ,2,1,#004231,0,40.7356,-74.1728,1
36,Weequahic,,50,WEEQ,default,Newark,NJ,2,1,#004A7B,0,40.7356,-74.1728,1
37,Summit,,50,SUMM,default,Summit,NJ,2,1,#B50000,0,40.7356,-74.1728,1
38,Raritan,,50,RAR,default,Hazlet,NJ,2,1,#002942,0,40.7356,-74.1728,1
39,Voorhees,,50,VOOR,default,Glen Gardener,NJ,2,1,#FF7F00,0,40.7356,-74.1728,1
40,Roselle,,50,ROSE,default,Roselle,NJ,2,1,#002649,0,40.7356,-74.1728,1
41,Brick,,50,BRICK,default,Brick,NJ,3,1,#A20B36,0,40.7356,-74.1728,1
42,Freehold Borough,,50,FREEB,default,Freehold,NJ,3,1,#1E489C,0,40.7356,-74.1728,1
43,Middletown North,,50,MDNO,default,Middletown,NJ,3,1,#222222,0,40.7356,-74.1728,1
44,Middletown South,,50,MDSO,default,Middletown,NJ,3,1,#7B0000,0,40.7356,-74.1728,1
45,Princeton,,50,PRINCE,default,Princeton,NJ,3,1,#2E3192,0,40.7356,-74.1728,1
46,Red Bank,,50,REDBNK,default,Red Bank,NJ,3,1,#0C562D,0,40.7356,-74.1728,1
47,Wall,,50,WALL,default,Wall,NJ,3,1,#253B81,0,40.7356,-74.1728,1
48,Woodbridge,,50,WOODB,default,Woodbridge,NJ,3,1,#006700,0,40.7356,-74.1728,1
49,Hopewell Valley,,50,HOPEV,default,Pennington,NJ,3,1,#252525,0,40.7356,-74.1728,1
50,Lawrence,,50,LAWR,default,Lawrenceville,NJ,3,1,#F35B0F,0,40.7356,-74.1728,1
51,Allentown,,50,ALLEN,default,Allentown,NJ,3,1,#116644,0,40.7356,-74.1728,1
52,Ocean Township,,50,OCEAN,default,Oakhurst,NJ,3,1,#59A0A0,0,40.7356,-74.1728,1
53,Northern Burlington,,50,NOBUR,default,Columbus,NJ,3,1,#910028,0,40.7356,-74.1728,1
54,Hightstown,,50,HIGHTS,default,Hightstown,NJ,3,1,#9E8249,0,40.7356,-74.1728,1
55,Jackson Liberty,,50,JACKS,default,Jackson,NJ,5,1,#000200,0,40.7356,-74.1728,1
56,Old Bridge,,50,OLDBR,default,Old Bridge,NJ,4,1,#076D54,0,40.7356,-74.1728,1
57,Brick Memorial,,50,BRKM,default,Brick,NJ,4,1,#80BEE8,0,40.7356,-74.1728,1
58,Colts Neck,,50,COLTS,default,Colts Neck,NJ,4,1,#091D5A,0,40.7356,-74.1728,1
59,East Brunswick,,50,EBRUN,default,East Brunswick,NJ,4,1,#2E3192,0,40.7356,-74.1728,1
60,Hunterdon Central,,50,HUNC,default,Flemington,NJ,4,1,#D60027,0,40.7356,-74.1728,1
61,Hillsborough,,50,HILLSB,default,Hillsborough,NJ,4,1,#13299E,0,40.7356,-74.1728,1
62,Freehold Township,,50,FREET,default,Freehold,NJ,4,1,#005730,0,40.7356,-74.1728,1
63,Marlboro,,50,MARLB,default,Marlboro,NJ,4,1,#E71A39,0,40.7356,-74.1728,1
64,Monroe,,50,MONR,default,Monroe Township,NJ,4,1,#E50B0D,0,40.7356,-74.1728,1
65,Montgomery,,50,MONTG,default,Montgomery,NJ,4,1,#0068A9,0,40.7356,-74.1728,1
66,North Brunswick,,50,NOBRU,default,North Brunswick,NJ,4,1,#FF3630,0,40.7356,-74.1728,1
67,Rancocas Valley,,50,RANV,default,Mount Holly,NJ,4,1,#9C143D,0,40.7356,-74.1728,1
68,Sayreville,,50,SAYRE,default,Sayreville,NJ,4,1,#2D649C,0,40.7356,-74.1728,1
69,South Brunswick,,50,SBRUN,default,South Brunswick,NJ,4,1,#165B9E,0,40.7356,-74.1728,1
70,Trenton,,50,TRENT,default,Trenton,NJ,4,1,#0D1361,0,40.7356,-74.1728,1
71,West Windsor-Plainsboro North,,50,WWPN,default,Plainsboro,NJ,4,1,#020260,0,40.7356,-74.1728,1
72,West Windsor-Plainsboro South,,50,WWPS,default,Princeton Junction,NJ,4,1,#00519B,0,40.7356,-74.1728,1
73,Steinert,,50,STEIN,default,Hamilton,NJ,4,1,#283A61,0,40.7356,-74.1728,1
74,Bergen Catholic,,50,BERC,default,Oradell,NJ,5,1,#4B1869,0,40.7356,-74.1728,1
75,DePaul,,50,DEP,default,Lenape,NJ,5,1,#00378A,0,40.7356,-74.1728,1
76,Delbarton,,50,DELB,default,Lenape,NJ,5,1,#003399,0,40.7356,-74.1728,1
77,Don Bosco Prep,,50,DON,default,Lenape,NJ,5,1,#75263D,0,40.7356,-74.1728,1
78,Paramus Catholic,,50,PARCAT,default,Lenape,NJ,5,1,#385242,0,40.7356,-74.1728,1
79,Pingry,,50,PINGRY,default,Lenape,NJ,5,1,#D72D35,0,40.7356,-74.1728,1
80,Pope John,,50,POPE,default,Lenape,NJ,5,1,#020303,0,40.7356,-74.1728,1
81,Seton Hall Prep,,50,SHALL,default,Lenape,NJ,5,1,#663399,0,40.7356,-74.1728,1
82,St. Joseph (Montvale),,50,STJMO,default,Montvale,NJ,5,1,#D82D39,0,40.7356,-74.1728,1
83,St. Peter's Prep,,50,STPP,default,Lenape,NJ,5,1,#AB2941,0,40.7356,-74.1728,1
84,Union Catholic,,50,UCATH,default,Scotch Plains,NJ,5,1,#2A42CE,0,40.7356,-74.1728,1
85,Becton,,50,BECT,default,Lenape,NJ,6,1,#FF7329,0,40.7356,-74.1728,1
86,Bogota,,50,BOGT,default,Lenape,NJ,6,1,#00386B,0,40.7356,-74.1728,1
87,Boonton,,50,BOON,default,Lenape,NJ,6,1,#002D62,0,40.7356,-74.1728,1
88,Cedar Grove,,50,CGRO,default,Lenape,NJ,6,1,#B72931,0,40.7356,-74.1728,1
89,Cresskill,,50,CRESS,default,Lenape,NJ,6,1,#A50019,0,40.7356,-74.1728,1
90,Hasbrouck Heights,,50,HASB,default,Lenape,NJ,6,1,#D81C3F,0,40.7356,-74.1728,1
91,Leonia,,50,LEON,default,Lenape,NJ,6,1,#4A2184,0,40.7356,-74.1728,1
92,Midland Park,,50,MIDL,default,Lenape,NJ,6,1,#CF0000,0,40.7356,-74.1728,1
93,Wood-Ridge,,50,WOOD,default,Lenape,NJ,6,1,#016600,0,40.7356,-74.1728,1
94,Pompton Lakes,,50,POMP,default,Lenape,NJ,6,1,#002843,0,40.7356,-74.1728,1
95,Saddle Brook,,50,SADD,default,Lenape,NJ,6,1,#4B4B7C,0,40.7356,-74.1728,1
96,Verona,,50,VERN,default,Lenape,NJ,6,1,#D60022,0,40.7356,-74.1728,1
97,Waldwick,,50,WALD,default,Lenape,NJ,6,1,#0A3861,0,40.7356,-74.1728,1
98,New Milford,,50,NEWM,default,Lenape,NJ,6,1,#015DAB,0,40.7356,-74.1728,1
99,Wallington,,50,WALL,default,Lenape,NJ,6,1,#CFB53B,0,40.7356,-74.1728,1
100,Emerson Boro,,50,EMER,default,Lenape,NJ,6,1,#002967,0,40.7356,-74.1728,1
101,Morris Tech,,50,MORT,default,Lenape,NJ,6,1,#EE8601,0,40.7356,-74.1728,1
102,Palisades Park,,50,PALPK,default,Lenape,NJ,6,1,#2E3192,0,40.7356,-74.1728,1
103,Sussex Tech,,50,SUSS,default,Lenape,NJ,6,1,#D60008,0,40.7356,-74.1728,1
104,North Warren,,50,NOWAR,default,Lenape,NJ,6,1,#990000,0,40.7356,-74.1728,1
105,Dover,,50,DOVER,default,Lenape,NJ,7,1,#004231,0,40.7356,-74.1728,1
106,Englewood,,50,ENGL,default,Lenape,NJ,7,1,#263996,0,40.7356,-74.1728,1
107,Glen Rock,,50,GLENR,default,Lenape,NJ,7,1,#27297C,0,40.7356,-74.1728,1
108,Lenape Valley,,50,LENAP,default,Lenape,NJ,7,1,#0A0A0A,0,40.7356,-74.1728,1
109,Mahwah,,50,MAH,default,Lenape,NJ,7,1,#E73139,0,40.7356,-74.1728,1
110,Newton,,50,NEWT,default,Lenape,NJ,7,1,#9E0B0E,0,40.7356,-74.1728,1
111,Dumont,,50,DUMON,default,Lenape,NJ,7,1,#CEBE70,0,40.7356,-74.1728,1
112,Pasack Hills,,50,PASA,default,Lenape,NJ,7,1,#EF8C00,0,40.7356,-74.1728,1
113,Pequannock,,50,PEQ,default,Lenape,NJ,7,1,#F77329,0,40.7356,-74.1728,1
114,Westwood,,50,WEST,default,Lenape,NJ,7,1,#D72D35,0,40.7356,-74.1728,1
115,Wallkill Valley,,50,WALK,default,Lenape,NJ,7,1,#234077,0,40.7356,-74.1728,1
116,Mountain Lakes,,50,MTLAK,default,Lenape,NJ,7,1,#DE3129,0,40.7356,-74.1728,1
117,Ramsey,,50,RAMS,default,Lenape,NJ,7,1,#00669A,0,40.7356,-74.1728,1
118,River Dell,,50,RIVD,default,Lenape,NJ,7,1,#8C001A,0,40.7356,-74.1728,1
119,Kittatinny,,50,KITT,default,Lenape,NJ,7,1,#232323,0,40.7356,-74.1728,1
120,Lodi,,50,LODI,default,Lenape,NJ,7,1,#ba0a2b,0,40.7356,-74.1728,1
121,Manchester Regional,,50,MANCH,default,Lenape,NJ,7,1,#00378A,0,40.7356,-74.1728,1
122,Hopatcong,,50,HOPAT,default,Lenape,NJ,7,1,#CA3A44,0,40.7356,-74.1728,1
123,Hawthorne,,50,HAWT,default,Lenape,NJ,7,1,#123297,0,40.7356,-74.1728,1
124,Bergenfield,,50,BERGF,default,Lenape,NJ,8,1,#008568,0,40.7356,-74.1728,1
125,Demarest,,50,DEMAR,default,Lenape,NJ,8,1,#C61018,0,40.7356,-74.1728,1
126,Garfield,,50,GARF,default,Lenape,NJ,8,1,#450084,0,40.7356,-74.1728,1
127,High Point,,50,HIGHP,default,Lenape,NJ,8,1,#0337B4,0,40.7356,-74.1728,1
128,Indian Hills,,50,INDH,default,Lenape,NJ,8,1,#633194,0,40.7356,-74.1728,1
129,Jefferson,,50,JEFF,default,Lenape,NJ,8,1,#212142,0,40.7356,-74.1728,1
130,Montville,,50,MONTV,default,Lenape,NJ,8,1,#015DAB,0,40.7356,-74.1728,1
131,Morris Hills,,50,MOHL,default,Lenape,NJ,8,1,#000063,0,40.7356,-74.1728,1
132,Mount Olive,,50,MTOL,default,Lenape,NJ,8,1,#8C2633,0,40.7356,-74.1728,1
133,Old Tappan,,50,OLDTAP,default,Lenape,NJ,8,1,#EB0E19,0,40.7356,-74.1728,1
134,Pascack Valley,,50,PASV,default,Lenape,NJ,8,1,#884818,0,40.7356,-74.1728,1
135,Passaic Valley,,50,PASIV,default,Lenape,NJ,8,1,#000073,0,40.7356,-74.1728,1
136,Ramapo,,50,RAMAPO,default,Lenape,NJ,8,1,#331165,0,40.7356,-74.1728,1
137,Sparta,,50,SPARTA,default,Lenape,NJ,8,1,#232323,0,40.7356,-74.1728,1
138,Teaneck,,50,TEAN,default,Lenape,NJ,8,1,#02183E,0,40.7356,-74.1728,1
139,Tenafly,,50,TENA,default,Lenape,NJ,8,1,#4E1E8A,0,40.7356,-74.1728,1
140,Vernon,,50,VERN,default,Lenape,NJ,8,1,#3129E7,0,40.7356,-74.1728,1
141,Wayne Hills,,50,WAYNE,default,Lenape,NJ,8,1,#800000,0,40.7356,-74.1728,1
142,Belleville,,50,BELLE,default,Lenape,NJ,9,1,#DE0018,0,40.7356,-74.1728,1
143,Bergen Tech,,50,BERTEC,default,Lenape,NJ,9,1,#9D1244,0,40.7356,-74.1728,1
144,Bloomfield,,50,BLOOM,default,Lenape,NJ,9,1,#3f8379,0,40.7356,-74.1728,1
145,Clifton,,50,CLIF,default,Lenape,NJ,9,1,#880029,0,40.7356,-74.1728,1
146,Kearny,Kardinals,50,KEARNY,default,Kearny,NJ,9,1,#0099CC,0,40.7356,-74.1728,1
147,Livingston,,50,LIVING,default,Livingston,NJ,9,1,#4F8537,0,40.7356,-74.1728,1
148,Memorial,,50,WNYM,default,West New York,NJ,9,1,#E53730,0,40.7356,-74.1728,1
149,Montclair,,50,MONTC,default,Montclair,NJ,9,1,#083963,0,40.7356,-74.1728,1
150,Morris Knolls,,50,MORK,default,Morris Knolls,NJ,9,1,#186329,0,40.7356,-74.1728,1
151,Paterson Eastside,,50,PAEA,default,Paterson,NJ,9,1,#D60039,0,40.7356,-74.1728,1
152,Paterson Kennedy,,50,PAKE,default,Paterson,NJ,9,1,#822433,0,40.7356,-74.1728,1
153,West Orange,,50,WORA,default,West Orange,NJ,9,1,#AC0D1E,0,40.7356,-74.1728,1
154,Union City,,50,UNCY,default,Union City,NJ,9,1,#004E7F,0,40.7356,-74.1728,1
155,Roxbury,,50,ROXBU,default,Roxbury,NJ,9,1,#29299C,0,40.7356,-74.1728,1
156,Hackensack,,50,HACK,default,Hackensack,NJ,9,1,#FF7F29,0,40.7356,-74.1728,1
157,North Bergen,,50,NOBERG,default,North Bergen,NJ,9,1,#004325,0,40.7356,-74.1728,1
158,Fair Lawn,,50,FAIR,default,Fair Lawn,NJ,9,1,#CE2229,0,40.7356,-74.1728,1
159,Newark Arts,,50,ARTS,default,Newark,NJ,10,1,#292942,0,40.7356,-74.1728,1
160,Belvidere,,50,BELV,default,Belvidere,NJ,10,1,#265142,0,40.7356,-74.1728,1
161,Newark Science,,50,SCIENCE,default,Newark,NJ,10,1,#0066A4,0,40.7356,-74.1728,1
162,Brearley,,50,BREAL,default,Kenilworth,NJ,10,1,#752132,0,40.7356,-74.1728,1
163,Jonathon Dayton,,50,DAYTON,default,Springfield,NJ,10,1,#101894,0,40.7356,-74.1728,1
164,Dunellen,,50,DUN,default,Dunellen,NJ,10,1,#531122,0,40.7356,-74.1728,1
165,Glen Ridge,,50,RIDGE,default,Glen Ridge,NJ,10,1,#054105,0,40.7356,-74.1728,1
166,Harrison,,50,HARRI,default,Harrison,NJ,10,1,#232323,0,40.7356,-74.1728,1
167,Hoboken,,50,HOBO,default,Hoboken,NJ,10,1,#0D217B,0,40.7356,-74.1728,1
168,New Providence,,50,NEWP,default,New Providence,NJ,10,1,#63104A,0,40.7356,-74.1728,1
169,Roselle Park,,50,ROPK,default,Roselle Park,NJ,10,1,#013D7D,0,40.7356,-74.1728,1
170,Secaucus,,50,SECAU,default,Secaucus,NJ,10,1,#29109C,0,40.7356,-74.1728,1
171,Newark University,,50,UNIV,default,Newark,NJ,10,1,#00337F,0,40.7356,-74.1728,1
172,Weehawken,,50,WEEH,default,Weehawken,NJ,10,1,#001558,0,40.7356,-74.1728,1
173,Whippany Park,,50,WHIP,default,Whippany,NJ,10,1,#003F87,0,40.7356,-74.1728,1
174,North Arlington,,50,NOARL,default,North Arlington,NJ,10,1,#182356,0,40.7356,-74.1728,1
175,Bernards,,50,BERN,default,Lenape,NJ,11,1,#0F1021,0,40.7356,-74.1728,1
176,Caldwell,,50,CALD,default,Lenape,NJ,11,1,#FE0D04,0,40.7356,-74.1728,1
177,Fort Lee,,50,FTLEE,default,Lenape,NJ,11,1,#084A73,0,40.7356,-74.1728,1
178,Newark Central,,50,NWKC,default,Newark,NJ,11,1,#004371,0,40.7356,-74.1728,1
179,Orange,,50,ORAG,default,Lenape,NJ,11,1,#C41E3A,0,40.7356,-74.1728,1
180,Parsippany,,50,PARS,default,Parsippany,NJ,11,1,#730000,0,40.7356,-74.1728,1
181,Newark Tech,,50,NWKT,default,Newark,NJ,11,1,#1A275B,0,40.7356,-74.1728,1
182,Hackettstown,,50,HACKE,default,Hackettstown,NJ,11,1,#4F2170,0,40.7356,-74.1728,1
183,Newark West Side,,50,WESTSIDE,default,Newark,NJ,11,1,#AF1E2D,0,40.7356,-74.1728,1
184,Rutherford,,50,RUTH,default,Lenape,NJ,11,1,#08614F,0,40.7356,-74.1728,1
185,Malcolm X Shabazz,Bulldogs,50,SHABAZZ,default,Newark,NJ,11,1,#5FB1E0,0,40.7356,-74.1728,1
186,West Essex,,50,WESTX,default,Lenape,NJ,11,1,#002659,0,40.7356,-74.1728,1
187,Madison,,50,MADIS,default,Madison,NJ,11,1,#D4212C,0,40.7356,-74.1728,1
188,Ridgefield Park,,50,RDFPK,default,Ridgefield Park,NJ,11,1,#006342,0,40.7356,-74.1728,1
189,Lyndhurst,,50,LYND,default,Lyndhurst,NJ,11,1,#D72D35,0,40.7356,-74.1728,1
190,Newark Barringer,,50,BARRI,default,Lenape,NJ,12,1,#001894,0,40.7356,-74.1728,1
191,Colonia,,50,COLON,default,Lenape,NJ,12,1,#E73139,0,40.7356,-74.1728,1
192,Cranford,,50,CRAN,default,Lenape,NJ,12,1,#4A015B,0,40.7356,-74.1728,1
193,Ferris,,50,FERRIS,default,Lenape,NJ,12,1,#372286,0,40.7356,-74.1728,1
194,Irvington,,50,IRV,default,Lenape,NJ,12,1,#4A2F8E,0,40.7356,-74.1728,1
195,Millburn,,50,MILLB,default,Lenape,NJ,12,1,#002157,0,40.7356,-74.1728,1
196,Morristown,,50,MORR,default,Lenape,NJ,12,1,#04091C,0,40.7356,-74.1728,1
197,Newark East Side,,50,EASTSI,default,Lenape,NJ,12,1,#006342,0,40.7356,-74.1728,1
198,Nutley,,50,NUTLEY,default,Lenape,NJ,12,1,#DE3129,0,40.7356,-74.1728,1
199,Plainfield,Cardinals,50,PLFD,default,Plainfield,NJ,12,1,#7B0000,0,40.7356,-74.1728,1
200,Rahway,,50,RAHWAY,default,Rahway,NJ,12,1,#FF7300,0,40.7356,-74.1728,1
201,Scotch Plains-Fanwood,,50,SP-F,default,Scotch Plains,NJ,12,1,#00507D,0,40.7356,-74.1728,1
202,South Plainfield,Tigers,50,SPLFD,default,South Plainfield,NJ,12,1,#002955,0,40.7356,-74.1728,1
203,Warren Hills,,50,WARHI,default,Lenape,NJ,12,1,#044520,0,40.7356,-74.1728,1
204,Iselin Kennedy,,50,ISELIN,default,Iselin,NJ,12,1,#D85A1A,0,40.7356,-74.1728,1
205,Bayonne,,50,BAYO,default,Lenape,NJ,13,1,#FF5109,0,40.7356,-74.1728,1
206,Bridgewater-Raritan,,50,BRRHS,default,Lenape,NJ,13,1,#002654,0,40.7356,-74.1728,1
207,Columbia,,50,CLB,default,Lenape,NJ,13,1,#96203D,0,40.7356,-74.1728,1
208,East Orange,,50,EORAN,default,Lenape,NJ,13,1,#2B6396,0,40.7356,-74.1728,1
209,Edison,,50,EDISON,default,Lenape,NJ,13,1,#313169,0,40.7356,-74.1728,1
210,Elizabeth,,50,ELIZA,default,Lenape,NJ,13,1,#25205E,0,40.7356,-74.1728,1
211,Franklin,,50,FRANKL,default,Lenape,NJ,13,1,#005E60,0,40.7356,-74.1728,1
212,J.P. Stevens,,50,JPSTE,default,Lenape,NJ,13,1,#4D0960,0,40.7356,-74.1728,1
213,Linden,,50,LINDEN,default,Lenape,NJ,13,1,#F96302,0,40.7356,-74.1728,1
214,North Hunterdon,,50,NHUNT,default,Lenape,NJ,13,1,#6C6468,0,40.7356,-74.1728,1
215,Perth Amboy,,50,PERTH,default,Lenape,NJ,13,1,#211818,0,40.7356,-74.1728,1
216,Philipsburg,,50,PBURG,default,Lenape,NJ,13,1,#051D45,0,40.7356,-74.1728,1
217,Piscataway,,50,PISC,default,Lenape,NJ,13,1,#BD1818,0,40.7356,-74.1728,1
218,Ridge,,50,RIDGE,default,Lenape,NJ,13,1,#003559,0,40.7356,-74.1728,1
219,Union,Farmers,50,UNION,default,Lenape,NJ,13,1,#00315A,0,40.7356,-74.1728,1
220,Watchung Hills Regional,,50,WHRHS,default,Lenape,NJ,13,1,#004371,0,40.7356,-74.1728,1
221,Westfield,Blue Devils,50,WESTF,default,Westfield,NJ,13,1,#C82223,0,40.7356,-74.1728,1
222,Arthur P. Schalick,,50,SHALICK,default,Lenape,NJ,14,1,#3D4262,0,40.7356,-74.1728,1
223,Audubon,,50,AUDBON,default,Lenape,NJ,14,1,#FF3B2F,0,40.7356,-74.1728,1
224,Clayton,,50,CLAYT,default,Lenape,NJ,14,1,#145F52,0,40.7356,-74.1728,1
225,Glassboro,,50,GLASS,default,Lenape,NJ,14,1,#BB003A,0,40.7356,-74.1728,1
226,Gloucester City,,50,GLOU,default,Lenape,NJ,14,1,#00428C,0,40.7356,-74.1728,1
227,Haddon Heights,,50,HADDON,default,Lenape,NJ,14,1,#D80024,0,40.7356,-74.1728,1
228,Lindenwold,,50,WOLD,default,Lenape,NJ,14,1,#011F9D,0,40.7356,-74.1728,1
229,Maple Shade,,50,MSHADE,default,Lenape,NJ,14,1,#00295C,0,40.7356,-74.1728,1
230,Penns Grove,,50,PGROVE,default,Lenape,NJ,14,1,#002868,0,40.7356,-74.1728,1
231,Pennsville,,50,PVILLE,default,Lenape,NJ,14,1,#A81933,0,40.7356,-74.1728,1
232,Wildwood,,50,WWOOD,default,Lenape,NJ,14,1,#006633,0,40.7356,-74.1728,1
233,Woodbury,,50,WBURY,default,Lenape,NJ,14,1,#005A94,0,40.7356,-74.1728,1
234,Salem,,50,SALEM,default,Lenape,NJ,14,1,#690B0B,0,40.7356,-74.1728,1
235,Pitman,,50,PITMAN,default,Lenape,NJ,14,1,#3142AD,0,40.7356,-74.1728,1
236,Haddon Township,,50,HADTW,default,Lenape,NJ,14,1,#006953,0,40.7356,-74.1728,1
237,Cape May Tech,,50,CAPETCH,default,Lenape,NJ,14,1,#004A7B,0,40.7356,-74.1728,1
238,Barnegat,,50,BARNE,default,Lenape,NJ,15,1,#98012D,0,40.7356,-74.1728,1
239,Bridgeton,,50,BRIDGE,default,Lenape,NJ,15,1,#8C2633,0,40.7356,-74.1728,1
240,Buena,,50,BUENA,default,Lenape,NJ,15,1,#004231,0,40.7356,-74.1728,1
241,Cinnaminson,,50,CINNE,default,Lenape,NJ,15,1,#205228,0,40.7356,-74.1728,1
242,Collingswood,,50,COLL,default,Lenape,NJ,15,1,#CE1126,0,40.7356,-74.1728,1
243,Delran,,50,DEL,default,Lenape,NJ,15,1,#A50010,0,40.7356,-74.1728,1
244,Middle Township,,50,MIDDLE,default,Lenape,NJ,15,1,#85283D,0,40.7356,-74.1728,1
245,Overbrook,,50,OBOOK,default,Lenape,NJ,15,1,#E73139,0,40.7356,-74.1728,1
246,Pemberton,,50,PEMB,default,Lenape,NJ,15,1,#FFBD24,0,40.7356,-74.1728,1
247,Pleasantville,,50,PLVILLE,default,Lenape,NJ,15,1,#291B4C,0,40.7356,-74.1728,1
248,Willingboro,,50,WBORO,default,Lenape,NJ,15,1,#D10000,0,40.7356,-74.1728,1
249,Woodstown,,50,WDTWN,default,Lenape,NJ,15,1,#50011a,0,40.7356,-74.1728,1
250,Sterling,,50,STRLING,default,Lenape,NJ,15,1,#570318,0,40.7356,-74.1728,1
251,Atlantic Tech,,50,ATECH,default,Lenape,NJ,15,1,#712A1B,0,40.7356,-74.1728,1
252,Deptford,,50,DEPT,default,Lenape,NJ,15,1,#032845,0,40.7356,-74.1728,1
253,Gloucester Tech,,50,GTECH,default,Lenape,NJ,15,1,#A20012,0,40.7356,-74.1728,1
254,Palmyra,,50,PALM,default,Lenape,NJ,15,1,#E24552,0,40.7356,-74.1728,1
255,Burlington Township,,50,BTOWN,default,Lenape,NJ,16,1,#BB003A,0,40.7356,-74.1728,1
256,Camden,,50,CAMDEN,default,Lenape,NJ,16,1,#2361AA,0,40.7356,-74.1728,1
257,Camden Tech,,50,CTECH,default,Lenape,NJ,16,1,#B72931,0,40.7356,-74.1728,1
258,Camden Wilson,,50,WILSON,default,Lenape,NJ,16,1,#230D3C,0,40.7356,-74.1728,1
259,Central Regional,,50,CREG,default,Lenape,NJ,16,1,#18581C,0,40.7356,-74.1728,1
260,Gloucester Tech,,50,GLOU,default,Lenape,NJ,16,1,#003559,0,40.7356,-74.1728,1
261,Hammonton,,50,HAMM,default,Lenape,NJ,16,1,#FF6318,0,40.7356,-74.1728,1
262,Highland,,50,HIGHL,default,Lenape,NJ,16,1,#4D1979,0,40.7356,-74.1728,1
263,Kingsway,,50,KINGS,default,Lenape,NJ,16,1,#BC0138,0,40.7356,-74.1728,1
264,Lower Cape May,,50,LCMHS,default,Lenape,NJ,16,1,#EE9627,0,40.7356,-74.1728,1
265,Moorestown,,50,MOOR,default,Lenape,NJ,16,1,#21398C,0,40.7356,-74.1728,1
266,Manchester Township,,50,MATW,default,Lenape,NJ,16,1,#440E62,0,40.7356,-74.1728,1
267,Oakcrest,,50,OAKCR,default,Lenape,NJ,16,1,#000099,0,40.7356,-74.1728,1
268,Ocean City,,50,OCITY,default,Lenape,NJ,16,1,#EF7321,0,40.7356,-74.1728,1
269,Pinelands,,50,PINE,default,Lenape,NJ,16,1,#500000,0,40.7356,-74.1728,1
270,Seneca,,50,SENECA,default,Lenape,NJ,16,1,#00639C,0,40.7356,-74.1728,1
271,Timber Creek,,50,TIMBER,default,Lenape,NJ,16,1,#680100,0,40.7356,-74.1728,1
272,Westampton Tech,,50,WESTTE,default,Lenape,NJ,16,1,#D60039,0,40.7356,-74.1728,1
273,Lacey,,50,LACEY,default,Lenape,NJ,16,1,#004B7C,0,40.7356,-74.1728,1
274,Absegami,,50,ABSE,default,Lenape,NJ,17,1,#DC6000,0,40.7356,-74.1728,1
275,Atlantic City,,50,ACITY,default,Lenape,NJ,17,1,#113B7D,0,40.7356,-74.1728,1
276,Cherry Hill East,,50,HILLE,default,Lenape,NJ,17,1,#0000FF,0,40.7356,-74.1728,1
277,Cherry Hill West,,50,HILLW,default,Lenape,NJ,17,1,#00275D,0,40.7356,-74.1728,1
278,Clearview,,50,CVIEW,default,Lenape,NJ,17,1,#F3AE22,0,40.7356,-74.1728,1
279,Voorhees Eastern,,50,EASTN,default,Lenape,NJ,17,1,#A80532,0,40.7356,-74.1728,1
280,Egg Harbor,,50,EGG,default,Lenape,NJ,17,1,#084A38,0,40.7356,-74.1728,1
281,Mainland Regional,,50,MAINL,default,Lenape,NJ,17,1,#004273,0,40.7356,-74.1728,1
282,Millville,,50,MILLV,default,Lenape,NJ,17,1,#006117,0,40.7356,-74.1728,1
283,Pennsauken,,50,PENNS,default,Lenape,NJ,17,1,#00108C,0,40.7356,-74.1728,1
284,Shawnee,,50,SHAWN,default,Lenape,NJ,17,1,#13214E,0,40.7356,-74.1728,1
285,Southern Regional,,50,SOREG,default,Manahawkin,NJ,17,1,#0439A7,0,40.7356,-74.1728,1
286,Toms River East,,50,TOMRE,default,Lenape,NJ,17,1,#005A94,0,40.7356,-74.1728,1
287,Toms River South,,50,TOMRN,default,Lenape,NJ,17,1,#CE2842,0,40.7356,-74.1728,1
288,Toms River North,,50,TOMRS,default,Lenape,NJ,17,1,#232323,0,40.7356,-74.1728,1
289,Triton,,50,TRITON,default,Lenape,NJ,17,1,#004A8B,0,40.7356,-74.1728,1
290,Vineland,,50,VINEL,default,Lenape,NJ,17,1,#092575,0,40.7356,-74.1728,1
291,Washington Township,,50,WAST,default,Lenape,NJ,17,1,#21467B,0,40.7356,-74.1728,1
292,Williamstown,,50,WILLIS,default,Lenape,NJ,17,1,#1D2F68,0,40.7356,-74.1728,1
293,Cherokee,,50,CHERO,default,Lenape,NJ,17,1,#E73139,0,40.7356,-74.1728,1
294,Bishpop Eustace,,50,BISHE,default,Lenape,NJ,18,1,#CE4242,0,40.7356,-74.1728,1
295,Camden Catholic,,50,CAMC,default,Lenape,NJ,18,1,#003366,0,40.7356,-74.1728,1
296,Christian Brothers,,50,CBROS,default,Lenape,NJ,18,1,#FF7339,0,40.7356,-74.1728,1
297,Gloucester Catholic,,50,GCATH,default,Lenape,NJ,18,1,#964B00,0,40.7356,-74.1728,1
298,Holy Cross,,50,HCROSS,default,Lenape,NJ,18,1,#997F3D,0,40.7356,-74.1728,1
299,Holy Spirit,,50,HSPIR,default,Lenape,NJ,18,1,#214231,0,40.7356,-74.1728,1
300,Msgr. Donovan,,50,MSGR,default,Lenape,NJ,18,1,#002868,0,40.7356,-74.1728,1
301,Notre Dame,,50,NDAME,default,Lenape,NJ,18,1,#002C62,0,40.7356,-74.1728,1
302,Paul VI,,50,PAUL6,default,Lenape,NJ,18,1,#EDBC31,0,40.7356,-74.1728,1
303,Red Bank Catholic,,50,RBCATH,default,Lenape,NJ,18,1,#7B2129,0,40.7356,-74.1728,1
304,St. Augustine,,50,AUGIE,default,Lenape,NJ,18,1,#FF0000,0,40.7356,-74.1728,1
305,St. John Vianney,,50,STJV,default,Lenape,NJ,18,1,#003E22,0,40.7356,-74.1728,1
306,St. Rose,,50,STROSE,default,Lenape,NJ,18,1,#E3A444,0,40.7356,-74.1728,1
307,Cardinal McCarrick,,50,MCCAR,default,Lenape,NJ,19,1,#3E3468,0,40.7356,-74.1728,1
308,Doane Academy,,50,DOANE,default,Lenape,NJ,19,1,#A32638,0,40.7356,-74.1728,1
309,Marist,,50,MARIST,default,Lenape,NJ,19,1,#18005A,0,40.7356,-74.1728,1
310,Mater Dei,,50,MATER,default,Lenape,NJ,19,1,#00386B,0,40.7356,-74.1728,1
311,Moorestown Friends,,50,MOFRIE,default,Lenape,NJ,19,1,#6E268B,0,40.7356,-74.1728,1
312,Sacred Heart Vineland,,50,SHVINE,default,Lenape,NJ,19,1,#4E1E8A,0,40.7356,-74.1728,1
313,St. Joseph (Hammonton),,50,STJHAM,default,Lenape,NJ,19,1,#E51636,0,40.7356,-74.1728,1
314,Trenton Catholic,,50,TCATH,default,Lenape,NJ,19,1,#514B52,0,40.7356,-74.1728,1
315,Wildwood Catholic,,50,WILDCAT,default,Lenape,NJ,19,1,#0D0A03,0,40.7356,-74.1728,1
316,Ranney,,50,RANN,default,Lenape,NJ,19,1,#073E2B,0,40.7356,-74.1728,1
317,Lewis School,,50,LEW,default,Princeton,NJ,19,1,#9E0B0E,0,40.7356,-74.1728,1
318,Hun School,,50,HUN,default,Princeton,NJ,19,1,#D71034,0,40.7356,-74.1728,1
319,Peddie School,,50,PEDDIE,default,Princeton,NJ,19,1,#006633,0,40.7356,-74.1728,1
320,Princeton Day School,,50,PDAY,default,Princeton,NJ,19,1,#FDBB30,0,40.7356,-74.1728,1
321,Bishop Ahr,,50,AHR,default,Edison,NJ,20,1,#CFB53B,0,40.7356,-74.1728,1
322,Immaculata,,50,IMMA,default,Bridgewater,NJ,20,1,#A36209,0,40.7356,-74.1728,1
323,St. Joseph (Metuchen),,50,STMET,default,Metuchen,NJ,20,1,#523921,0,40.7356,-74.1728,1
324,Koinonia (Plainfield),,50,KOIN,default,Plainfield,NJ,20,1,#004B80,0,40.7356,-74.1728,1
325,Wardlaw-Hartridge,,50,WHS,default,Edison,NJ,20,1,#004A81,0,40.7356,-74.1728,1
326,Timothy Christian,,50,TCHR,default,Piscataway,NJ,20,1,#961F22,0,40.7356,-74.1728,1
327,Newark Academy,,50,NEWAR,default,Livingston,NJ,20,1,#1D5083,0,40.7356,-74.1728,1
328,Oratory Prep,,50,ORAY,default,Summit,NJ,20,1,#FEBC11,0,40.7356,-74.1728,1
329,St. Benedict,,50,STBEN,default,Lenape,NJ,20,1,#CE4122,0,40.7356,-74.1728,1
330,St. Patrick,,50,STPAT,default,Elizabeth,NJ,20,1,#870006,0,40.7356,-74.1728,1
331,Blair Academy,,50,BLAIR,default,Lenape,NJ,20,1,#CC0000,0,40.7356,-74.1728,1
332,Rutgers Prep,,50,RUTPRE,default,New Brunswick,NJ,20,1,#1B265C,0,40.7356,-74.1728,1
333,St. Mary (Elizabeth),,50,STMARY,default,Elizabeth,NJ,20,1,#013082,0,40.7356,-74.1728,1
334,Morristown-Beard,,50,MOBER,default,Lenape,NJ,20,1,#001F6B,0,40.7356,-74.1728,1
335,Lawrenceville School,,50,LAWR,default,Lenape,NJ,20,1,#A42822,0,40.7356,-74.1728,1
