20,,,,,,,,,,,,,,,,,,,
ID,Name,ShortName,Games,Prestige,Divisions,DivisionOne,DivisionTwo,TourneyTeams,TDay1,TDay2,TDay3,TDay4,TDay5,SeedDiv,D1,D2,D3,TourneyBirth,TourneyType
1,Atlantic Coast Conference,ACC,7,4,1,,,8,185,186,187,191,0,0,wed,sat,mon,1,0
2,Big Seven Conference,Big 7,12,4,1,,,0,0,0,0,0,0,0,sat,wed,mon,1,0
3,Big Ten Conference,Big Ten,14,4,1,,,0,0,0,0,0,0,0,wed,sat,mon,1,0
4,Border Intercollegiate Athletic Association,BIAA,12,3,1,,,0,0,0,0,0,0,0,thu,sat,tue,1,0
5,Independent,Independent,0,3,1,,,0,0,0,0,0,0,0,Sun,Fri,wed,0,0
6,Ivy League,Ivy League,14,2,1,,,0,0,0,0,0,0,0,sat,fri,tue,1,0
7,Mid-American Conference,MAC,12,2,1,,,0,0,0,0,0,0,0,sat,wed,mon,1,0
8,Metro New York Conference,Metro NY,6,2,1,,,0,0,0,0,0,0,0,mon,sat,fri,1,0
9,Mountain State Athletic Conference,MSAC,14,2,1,,,0,0,0,0,0,0,0,mon,sat,fri,1,0
10,Missouri Valley Conference,MVC,10,2,1,,,0,0,0,0,0,0,0,sat,thu,tue,1,0
11,Ohio Valley Conference,Ohio Valley,10,2,1,,,6,173,176,177,181,0,0,sat,thu,tue,1,0
12,Pacific Coast Conference,PCC,16,4,2,North,South,0,0,0,0,0,0,0,sat,thu,sun,1,0
13,Southeastern Conference,SEC,14,4,1,,,12,185,186,187,191,0,0,sat,tue,mon,1,0
14,Southern Conference,Southern,8,2,1,,,8,176,177,181,182,0,0,sat,wed,mon,1,0
15,Southwest Conference,SWC,12,3,1,,,0,0,0,0,0,0,0,sat,thu,mon,1,0
16,West Coast Conference,WCC,12,3,1,,,0,0,0,0,0,0,0,sat,thu,tue,1,0
17,Western NY Little 3 Conference,WYN3,4,2,1,,,0,0,0,0,0,0,0,sat,thu,mon,1,0
18,Yankee Conference,Yankee,8,2,1,,,7,184,186,187,191,0,0,fri,wed,mon,1,0
19,Independent 2,Independent,0,3,1,,,0,0,0,0,0,0,0,Sun,Fri,wed,0,0
20,Independent 3,Independent,0,3,1,,,0,0,0,0,0,0,0,Sun,Fri,wed,0,0
