168,,,,,,,,,,,,,,
ID,Name,Mascot,Prestige,Abbr,Logo,City,State,Conference,Division,TeamColor,TravelPart,Lat,Long,Academics
1,Alabama,Crimson Tide,58,AL   ,alabama1953,Tuscaloosa,AL,13,1,#A42D47,0,33.21,-87.53,1
2,Arizona,Wildcats,49,AZ   ,arizona1953,Tucson,AZ,4,1,#102142,0,32.21,-110.92,1
3,Arizona State,Sun Devils,42,AZST ,arizonastate_old,Tempe,AZ,4,1,#8E0C3A,0,33.39,-111.93,1
4,Arkansas,Razorbacks,42,AR   ,arkansas53,Fayetteville,AR,15,1,#9C1831,0,36.08,-94.16,1
5,Army,Cadets,30,ARMY ,army53,West Point,NY,5,1,#CE9C00,0,41.37,-74.04,1
6,Alabama Polytechnic Institute,Tigers,59,AUBRN,auburn1953,Auburn,AL,13,1,#002649,0,32.6,-85.48,1
7,Baylor,Bears,42,BAYLR,baylor53,Waco,TX,15,1,#004833,0,31.55,-97.16,1
8,Boston College,Eagles,42,BSCOL,bostoncollege53,Newton,MA,5,1,#222222,0,42.34,-71.21,1
9,Bowling Green State,Falcons,30,BLGRN,bowlinggreen53,Bowling Green,OH,7,1,#F04C27,0,41.37,-83.65,1
10,Bradley,Braves,85,BRDLY,bradley_2,Peoria,IL,5,1,#B70002,0,40.72,-89.61,1
11,Brigham Young,Cougars,49,BYU  ,byu53,Provo,UT,9,1,#002942,0,40.24,-111.66,1
12,Brooklyn,Bulldogs,10,BRK,brook53,Brooklyn,NY,8,1,#B03060,0,40.69,-73.99,1
13,Brown,Bears,30,BROWN,brown53,Providence,RI,6,1,#593D2B,0,41.82,-71.42,1
14,Bucknell,Bison,20,BKNL ,bucknell53,Lewisburg,PA,5,1,#000060,0,40.96,-76.89,1
15,Butler,Bulldogs,35,BTLR ,butler,Indianapolis,IN,5,1,#004F87,0,39.79,-86.15,1
16,California,Golden Bears,64,CAL  ,california1953,Berkeley,CA,12,2,#002942,0,37.87,-122.27,1
17,Canisius,Golden Griffins,35,CANSS,canisius,Buffalo,NY,17,1,#002649,0,42.9,-78.85,1
18,Cincinnati,Bearcats,78,CINN ,cincinnati1953,Cincinnati,OH,5,1,#252525,0,39.14,-84.5,1
19,Citadel,Bulldogs,20,CIT  ,thecitadel53,Charleston,SC,14,1,#0000FF,0,32.79,-79.99,1
20,City College of New York,Beavers,10,CCNY,ccny53,Manhattan,NY,8,1,#551A8B,0,40.79,-73.95,1
21,Clemson,Tigers,42,CLMSN,clemson53,Clemson,SC,1,1,#F35B0F,0,34.68,-82.81,1
22,Colgate,Raiders,30,COLG ,colgate53,Hamilton,NY,5,1,#910028,0,42.83,-75.54,1
23,Colorado,Buffaloes,47,CO   ,colorado53,Boulder,CO,2,1,#000200,0,40.02,-105.26,1
24,Colorado A&M,Aggies,35,COST ,coloradoam,Fort Collins,CO,9,1,#076D54,0,40.56,-105.08,1
25,Columbia,Lions,54,COLUM,columbia1953,New York,NY,6,1,#80BEE8,0,40.7,-73.92,1
26,Connecticut,Huskies,42,UCONN,uconn53,Storrs,CT,18,1,#091D5A,0,41.81,-72.26,1
27,Cornell,Big Red,30,CRNL ,cornell53,Ithaca,NY,6,1,#D60027,0,42.44,-76.5,1
28,Creighton,Bluejays,30,CRHTN,creighton53,Omaha,NE,5,1,#13299E,0,41.26,-96.01,1
29,Dartmouth,Indians,30,DTMTH,dartmouth53,Hanover,NH,6,1,#005730,0,43.7,-72.28,1
30,Davidson,Wildcats,30,DAVDS,davidson53,Davidson,NC,14,1,#E71A39,0,35.49,-80.83,1
31,Dayton,Flyers,77,DYTN ,dayton,Dayton,OH,5,1,#E50B0D,0,39.76,-84.2,1
32,Denver,Pioneers,20,DNVR ,denver53,Denver,CO,9,1,#9C143D,0,39.73,-104.97,1
33,DePaul,Blue Demons,35,DEPL ,depaul53,Chicago,IL,5,1,#2D649C,0,41.84,-87.68,1
34,Mercy College of Detroit,Titans,20,DTRT ,detroit53,Detroit,MI,10,1,#165B9E,0,42.39,-83.1,1
35,Drake,Bulldogs,30,DRAKE,drake53,Des Moines,IA,5,1,#0D1361,0,41.59,-93.62,1
36,Duke,Blue Devils,62,DUKE ,duke1953,Durham,NC,1,1,#00519B,0,35.99,-78.91,1
37,Duquesne,Dukes,78,DQSN ,duquesne1953,Pittsburgh,PA,5,1,#283A61,0,40.44,-79.98,1
38,Eastern Kentucky State,Colonels,20,EKTKY,easternkentucky53,Richmond,KY,11,1,#75263D,0,37.74,-84.29,1
39,Florida,Gators,42,FL   ,florida53,Gainesville,FL,13,1,#2A42CE,0,29.67,-82.34,1
40,Fordham,Rams,30,FDHM ,fordham53,New York,NY,8,1,#A50019,0,40.7,-73.92,1
41,Furman,Paladins,20,FRMN ,furman,Greenville,SC,14,1,#4A2184,0,34.84,-82.39,1
42,George Washington,Colonials,53,GGWA ,georgewashington1953,Washington,DC,14,1,#002843,0,38.91,-77.01,1
43,Georgetown,Hoyas,42,GTOWN,georgetown53,Washington,DC,5,1,#4B4B7C,0,38.91,-77.01,1
44,Georgia,Bulldogs,42,GA   ,georgia,Athens,GA,13,1,#D60022,0,33.96,-83.38,1
45,Georgia Tech,Yellow Jackets,48,GATC ,georgiatech53,Atlanta,GA,13,1,#CFB53B,0,33.76,-84.4,1
46,Gonzaga,Bulldogs,35,GONZG,gonzaga,Spokane,WA,5,1,#002967,0,47.67,-117.41,1
47,Hardin-Simmons,Cowboys,10,HSIM,hardin53,Abilene,TX,4,1,#551A8B,0,32.45,-99.75,1
48,Harvard,Crimson,30,HRVRD,harvard,Boston,MA,6,1,#990000,0,42.32,-71.09,1
49,Holy Cross,Crusaders,70,HLYCR,holycross1953,Worcester,MA,5,1,#0A0A0A,0,42.27,-71.8,1
50,Houston,Cougars,30,HOU  ,houston53,Houston,TX,10,1,#E73139,0,29.76,-95.38,1
51,Idaho,Vandals,30,ID   ,idaho53,Moscow,ID,12,1,#CEBE70,0,46.73,-117,1
52,Idaho State,Bengals,46,IDST ,idahostate53,Pocatello,ID,5,1,#EF8C00,0,42.88,-112.45,1
53,Illinois,Fighting Illini,79,IL   ,illinois1953,Champaign,IL,3,1,#F77329,0,40.11,-88.26,1
54,Indiana,Hoosiers,86,IN   ,indiana,Bloomington,IN,3,1,#DE3129,0,39.16,-86.53,1
55,Iona,Gaels,30,IONA ,iona53,New Rochelle,NY,5,1,#8C001A,0,40.93,-73.78,1
56,Iowa,Hawkeyes,76,IOWA ,iowa1953,Iowa City,IA,3,1,#232323,0,41.66,-91.52,1
57,Iowa State,Cyclones,42,IAST ,iowastate53,Ames,IA,2,1,#ba0a2b,0,42.03,-93.63,1
58,Kansas,Jayhawks,82,KS   ,kansas,Lawrence,KS,2,1,#0337B4,0,38.96,-95.25,1
59,Kansas State,Wildcats,91,KS ST,kansasstate1953,Manhattan,KS,2,1,#633194,0,39.19,-96.59,1
60,Kent State,Golden Flashes,30,KNTST,kentstate53,Kent,OH,7,1,#212142,0,41.15,-81.36,1
61,Kentucky,Wildcats,100,KY   ,kentucky1953,Lexington,KY,13,1,#015DAB,0,38.03,-84.49,1
62,La Salle,Explorers,74,LASAL,lasalle1953,Philadelphia,PA,5,1,#000063,0,40,-75.14,1
63,Lafayette,Leopards,30,LFYTE,lafayette53,Easton,PA,5,1,#8C2633,0,40.69,-75.22,1
64,Lehigh,Engineers,30,LEHGH,lehigh53,Bethlehem,PA,19,1,#884818,0,40.63,-75.38,1
65,Louisiana State,Fighting Tigers,56,LA ST,louisianastate1953,Baton Rouge,LA,13,1,#4E1E8A,0,30.46,-91.14,1
66,Louisville,Cardinals,62,LSVLE,louisville1953,Louisville,KY,19,1,#DE0018,0,38.23,-85.75,1
67,Loyola-IL,Ramblers,30,LYCHI,loyolachicago53,Chicago,IL,19,1,#9D1244,0,41.84,-87.68,1
68,Loyola-LA,Wolfpack,10,LONO,lono53,New Orleans,LA,19,1,#4169E1,0,29.95,-90.06,1
69,Loyola Marymount,Lions,30,LYMNT,loyolamarymount,Los Angeles,CA,19,1,#880029,0,34.09,-118.38,1
70,University of Maine at Orono,Black Bears,20,MAINE,maine53,Orono,ME,18,1,#0099CC,0,44.89,-68.67,1
71,Manhattan,Jaspers,30,MNHTN,manhattan53,Riverdale,NY,8,1,#4F8537,0,40.9,-73.9,1
72,Marquette,Warriors,52,MRQT ,marquette1953,Milwaukee,WI,19,1,#083963,0,43.05,-87.96,1
73,Marshall,Thundering Herd,30,MRSHL,marshall53,Huntington,WV,7,1,#186329,0,38.41,-82.43,1
74,Maryland,Terrapins,53,MD   ,maryland1953,College Park,MD,1,1,#D60039,0,39,-76.93,1
75,Massachusetts,Redmen,30,UMASS,massachusetts53,Amherst,MA,18,1,#AC0D1E,0,42.38,-72.52,1
76,Miami,Hurricanes,50,MIAMI,miami1953,Coral Gables,FL,19,1,#004325,0,25.73,-80.27,1
77,Miami-Ohio,Redskins,30,MMIOH,miamiohio53,Oxford,OH,7,1,#CE2229,0,39.51,-84.75,1
78,Michigan,Wolverines,42,MICH ,michigan53,Ann Arbor,MI,3,1,#292942,0,42.27,-83.74,1
79,Michigan State,Spartans,59,MI ST,michiganstate1953,East Lansing,MI,3,1,#265142,0,42.74,-84.48,1
80,Middle Tennessee,Blue Raiders,20,MTNST,middletennesseestate,Murfreesboro,TN,11,1,#0066A4,0,35.86,-86.39,1
81,Minnesota,Golden Gophers,49,MINN ,minnesota53,Minneapolis,MN,3,1,#752132,0,44.96,-93.27,1
82,Mississippi,Rebels,42,MS   ,mississippi53,Oxford,MS,13,1,#101894,0,34.36,-89.53,1
83,Mississippi State,Maroons,60,MS ST,mississippistate1953,Starkville,MS,13,1,#531122,0,33.46,-88.82,1
84,Missouri,Tigers,42,MO   ,missouri53,Columbia,MO,2,1,#232323,0,38.95,-92.33,1
85,Montana,Grizzlies,30,MT   ,montana53,Missoula,MT,9,1,#63104A,0,46.86,-114.01,1
86,Morehead State,Eagles,20,MRHDS,moreheadstate53,Morehead,KY,11,1,#29109C,0,38.18,-83.44,1
87,Muhlenburg,Mules,10,MUH,mules53,Allentown,PA,19,1,#BD2031,0,40.35,-75.3,1
88,Murray State,Racers,46,MRYST,murraystate53,Murray,KY,11,1,#182356,0,36.61,-88.32,1
89,Navy,Midshipmen,30,NAVY ,navy,Annapolis,MD,19,1,#0F1021,0,38.97,-76.5,1
90,Nebraska,Cornhuskers,42,NEB  ,nebraska53,Lincoln,NE,2,1,#FE0D04,0,40.81,-96.68,1
91,New Hampshire,Wildcats,20,NH   ,newhampshire53,Durham,NH,18,1,#004371,0,43.14,-70.93,1
92,New Mexico,Lobos,35,NM   ,newmexico53,Albuquerque,NM,9,1,#C41E3A,0,35.11,-106.61,1
93,New Mexico A&M,Aggies,30,NM ST,newmexicostate53,Las Cruces,NM,4,1,#730000,0,32.32,-106.77,1
94,New York University,Violets,49,NYU,nyu53,Manhattan,NY,8,1,#551A8B,0,40.79,-73.95,1
95,Niagara,Purple Eagles,46,NIAGA,niagara53,Lewiston,NY,17,1,#4F2170,0,43.17,-79.04,1
96,North Carolina,Tar Heels,72,NC   ,northcarolina1953,Chapel Hill,NC,1,1,#5FB1E0,0,35.93,-79.04,1
97,North Carolina State,Wolfpack,83,NC ST,northcarolinastate_2,Raleigh,NC,1,1,#D4212C,0,35.82,-78.64,1
98,Northwestern,Wildcats,42,NW   ,northwestern53,Evanston,IL,3,1,#372286,0,42.05,-87.69,1
99,Notre Dame,Fighting Irish,72,ND   ,notredame1953,South Bend,IN,19,1,#002157,0,41.67,-86.26,1
100,Ohio,Bobcats,30,OHIO ,ohio53,Athens,OH,7,1,#006342,0,39.33,-82.1,1
101,Ohio State,Buckeyes,54,OH ST,ohiostate1953,Columbus,OH,3,1,#DE3129,0,39.99,-82.99,1
102,Oklahoma,Sooners,42,OK   ,oklahoma53,Norman,OK,2,1,#7B0000,0,35.22,-97.42,1
103,Oklahoma City,Chiefs,58,OCU,okcity,Oklahoma City,OK,19,1,#4169E1,0,35.5,-98,1
104,Oklahoma A&M,Cowboys,72,OK ST,oklahomaam,Stillwater,OK,10,1,#FF7300,0,36.16,-97.09,1
105,Oregon,Webfoots,42,OR   ,oregon53,Eugene,OR,12,1,#044520,0,44.06,-123.11,1
106,Oregon State,Beavers,50,OR ST,oregonstate1953,Corvallis,OR,12,1,#D85A1A,0,44.57,-123.28,1
107,Pacific,Tigers,30,PCFC ,pacific53,Stockton,CA,16,1,#FF5109,0,37.98,-121.3,1
108,Penn State,Nittany Lions,51,PA ST,pennstate,State College,PA,19,1,#002654,0,40.79,-77.86,1
109,Pennsylvania,Quakers,30,PA   ,pennsylvania,Philadelphia,PA,6,1,#96203D,0,40,-75.14,1
110,Pittsburgh,Panthers,42,PITT ,pittsburgh53,Pittsburgh,PA,19,1,#313169,0,40.44,-79.98,1
111,Portland,Pilots,20,PORTL,portland53,Portland,OR,19,1,#25205E,0,45.52,-122.64,1
112,Princeton,Tigers,30,PRNC ,princeton53,Princeton,NJ,6,1,#F96302,0,40.35,-74.66,1
113,Purdue,Boilermakers,42,PRDUE,purdue53,West Lafayette,IN,3,1,#211818,0,40.44,-86.91,1
114,Rhode Island,Rams,30,RI   ,rhodeisland,Kingston,RI,18,1,#003559,0,41.48,-71.53,1
115,Rice,Owls,30,RICE ,rice53,Houston,TX,15,1,#00315A,0,29.76,-95.38,1
116,Richmond,Spiders,30,RICHM,richmond,Richmond,VA,14,1,#004371,0,37.54,-77.46,1
117,Rutgers,Queensmen,42,RTGRS,rutgers_2,New Brunswick,NJ,19,1,#FF3B2F,0,40.49,-74.45,1
118,Saint Francis-PA,Terriers,20,SFPA ,stfrancispa,Loretto,PA,19,1,#A20012,0,40.51,-78.64,1
119,Saint Joseph's,Hawks,47,STJOE,stjosephs53,Philadelphia,PA,19,1,#BB003A,0,40,-75.14,1
120,Saint Louis,Billikens,75,STL  ,saintlouis1953,St. Louis,MO,10,1,#00428C,0,38.63,-90.24,1
121,Saint Mary's,Gaels,47,STMRY,saintmarys53,Moraga,CA,16,1,#D80024,0,37.84,-122.12,1
122,San Francisco,Dons,77,SF   ,sanfrancisco1953,San Francisco,CA,16,1,#006633,0,37.76,-122.44,1
123,San Jose State,Spartans,30,SJ ST,sanjosestate53,San Jose,CA,16,1,#005A94,0,37.3,-121.87,1
124,Santa Clara,Broncos,46,STACL,santaclara53,Santa Clara,CA,16,1,#690B0B,0,37.35,-121.97,1
125,Seattle,Chieftains,67,SEA  ,seattleu,Seattle,WA,19,1,#A42822,0,47.61,-122.33,1
126,Seton Hall,Pirates,58,STNHL,setonhall1953,South Orange,NJ,19,1,#3142AD,0,40.75,-74.26,1
127,Siena,Saints,46,SIENA,siena53,Albany,NY,19,1,#006953,0,42.66,-73.78,1
128,South Carolina,Gamecocks,42,SC   ,southcarolina53,Columbia,SC,1,1,#98012D,0,34.02,-81.01,1
129,Southern California,Trojans,51,USC  ,southerncalifornia1953,Los Angeles,CA,12,2,#A50010,0,34.09,-118.38,1
130,Southern Methodist,Mustangs,60,SMU  ,southernmethodist,Dallas,TX,15,1,#E73139,0,32.8,-96.79,1
131,St. Bonaventure,Brown Indians,55,STBN ,stbonaventure1953,St. Bonaventure,NY,17,1,#712A1B,0,42.08,-78.47,1
132,St. Francis-NY,Terriers,20,SFNY ,stfrancisny,Brooklyn Heights,NY,8,1,#032845,0,40.69,-73.99,1
133,St. John's,Redmen,65,STJN ,stjohns1953,New York,NY,8,1,#E24552,0,40.7,-73.92,1
134,Stanford,Indians,42,STAN ,stanford53,Stanford,CA,12,2,#B72931,0,37.42,-122.17,1
135,Syracuse,Orangemen,42,SYR  ,syracuse53,Syracuse,NY,20,1,#FF6318,0,43.05,-76.14,1
136,Temple,Owls,56,TMPL ,temple1953,Philadelphia,PA,20,1,#BC0138,0,40,-75.14,1
137,Tennessee,Volunteers,42,TENN ,tennessee,Knoxville,TN,13,1,#EE9627,0,35.97,-83.94,1
138,Tennessee Tech,Golden Eagles,20,TNTC ,tennesseetech53,Cookeville,TN,11,1,#440E62,0,36.16,-85.5,1
139,Texas,Longhorns,42,TX   ,texas,Austin,TX,15,1,#EF7321,0,30.3,-97.75,1
140,Agricultural and Mechanical College of Texas,Aggies,42,TXAM ,texasam53,College Station,TX,15,1,#500000,0,30.6,-96.31,1
141,Texas Christian,Horned Frogs,46,TCU  ,tcu53,Fort Worth,TX,15,1,#4D1979,0,32.74,-97.33,1
142,Texas Technological College,Red Raiders,42,TXTC ,texastech53,Lubbock,TX,4,1,#D60039,0,33.56,-101.88,1
143,Texas Western,Miners,30,UTEP ,utep53,El Paso,TX,4,1,#FF7339,0,31.79,-106.42,1
144,Toledo,Rockets,47,TLDO ,toledo53,Toledo,OH,7,1,#00275D,0,41.67,-83.58,1
145,Tulane,Green Wave,30,TLNE ,tulane53,New Orleans,LA,13,1,#084A38,0,29.97,-90.06,1
146,Tulsa,Golden Hurricane,46,TLSA ,tulsa53,Tulsa,OK,10,1,#004273,0,36.13,-95.94,1
147,UCLA,Bruins,60,UCLA ,ucla1953,Los Angeles,CA,12,2,#005A94,0,34.09,-118.38,1
148,Utah,Redskins,63,UTAH ,utah1953,Salt Lake City,UT,9,1,#CE4242,0,40.75,-111.89,1
149,Utah State Agricultural College,Aggies,51,UTST ,utahstate,Logan,UT,9,1,#003366,0,41.74,-111.83,1
150,Vanderbilt,Commodores,58,VNDY ,vanderbilt1953,Nashville,TN,13,1,#997F3D,0,36.15,-86.76,1
151,Vermont,Catamounts,30,VRMT ,vermont53,Burlington,VT,18,1,#214231,0,44.48,-73.22,1
152,Villanova,Wildcats,46,VLNV ,villanova,Villanova,PA,20,1,#002868,0,40.04,-75.35,1
153,Virginia,Cavaliers,42,VA   ,virginia53,Charlottesville,VA,1,1,#002C62,0,38.03,-78.49,1
154,VMI,Keydets,30,VMI  ,vmi,Lexington,VA,14,1,#FF0000,0,37.78,-79.45,1
155,Virginia Tech,Fighting Gobblers,42,VATC ,virginiatech53,Blacksburg,VA,14,1,#7B2129,0,37.23,-80.42,1
156,Wake Forest,Demon Deacons,53,WAKE ,wakeforest1953,Winston-Salem,NC,1,1,#E3A444,0,36.1,-80.26,1
157,Washington,Huskies,65,WASH ,washington1953,Seattle,WA,12,1,#3E3468,0,47.63,-122.33,1
158,Washington State,Cougars,42,WAST ,washingtonstate53,Pullman,WA,12,1,#A32638,0,46.73,-117.17,1
159,West Texas State,Buffaloes,10,WTS,westtexas53,Canyon,TX,4,1,#800000,0,34.97,-101.92,1
160,West Virginia,Mountaineers,87,WVU  ,westvirginia1953,Morgantown,WV,14,1,#00386B,0,39.63,-79.95,1
161,Western Kentucky,Hilltoppers,53,WKY  ,westernkentucky1953,Bowling Green,KY,11,1,#E51636,0,36.98,-86.44,1
162,Western Michigan,Broncos,30,WMCH ,westernmichigan53,Kalamazoo,MI,7,1,#514B52,0,42.28,-85.58,1
163,Municipal University of Wichita,Shockers,35,WCST ,wichitastate53,Wichita,KS,10,1,#0D0A03,0,37.69,-97.34,1
164,William & Mary,Tribe,30,WM   ,williammary53,Williamsburg,VA,14,1,#073E2B,0,37.27,-76.71,1
165,Wisconsin,Badgers,42,WI   ,wisconsin53,Madison,WI,3,1,#D71034,0,43.07,-89.39,1
166,Wyoming,Cowboys,46,WY   ,wyoming,Laramie,WY,9,1,#523921,0,41.31,-105.59,1
167,Xavier,Musketeers,35,XAVR ,xavier53,Cincinnati,OH,20,1,#004B80,0,39.14,-84.5,1
168,Yale,Bulldogs,30,YALE ,yale53,New Haven,CT,6,1,#004A81,0,41.31,-72.92,1
