99,,,,,,,,,,,,,,,,,,,
ID,Name,ShortName,Games,Prestige,Divisions,DivisionOne,DivisionTwo,TourneyTeams,TDay1,TDay2,TDay3,TDay4,TDay5,SeedDiv,D1,D2,D3,TourneyBirth,TourneyType
1,America East Conference,America East,14,3,1,,,8,177,181,187,0,0,0,sun,wed,fri,1,0
2,Atlantic 10 Conference,Atlantic 10,16,5,1,,,12,183,186,187,191,0,0,sat,wed,mon,1,0
3,Atlantic Coast Conference,ACC,18,5,1,,,14,184,185,186,187,191,0,sat,wed,mon,1,1
4,Atlantic Sun Conference,Atlantic Sun,18,2,1,,,10,175,176,177,181,0,0,sat,thu,mon,1,0
5,Big 12 Conference,Big 12,18,5,1,,,10,184,185,186,187,0,0,sat,wed,mon,1,0
6,American Athletic Conference,American,16,5,1,,,9,183,184,185,186,187,0,sat,wed,mon,1,1
7,Big Sky Conference,Big Sky,16,1,1,,,6,177,183,184,0,0,0,sat,thu,tue,1,1
8,Big South Conference,Big South,18,1,1,,,12,173,175,177,181,0,0,sat,thu,mon,1,0
9,Big Ten Conference,Big Ten,18,5,1,,,14,184,185,186,187,191,0,sat,wed,mon,1,1
10,Big West Conference,Big West,16,4,1,,,8,184,185,186,0,0,0,sat,thu,tue,1,2
11,Colonial Athletic Association,CAA,18,4,1,,,10,176,177,181,182,0,0,sat,wed,mon,1,0
12,Conference USA,C-USA,16,5,1,,,14,184,185,186,187,0,0,sat,wed,mon,1,0
13,Independent,Independent,0,1,1,,,0,0,0,0,0,0,0,sun,fri,wed,0,0
14,Horizon League,Horizon,16,4,1,,,9,172,173,176,177,183,0,sat,thu,tue,1,1
15,Ivy League,Ivy League,14,3,1,,,2,187,0,0,0,0,0,sat,fri,tue,1,0
16,Metro Atlantic Athletic Conference,MAAC,20,4,1,,,11,176,177,181,182,0,0,sat,thu,tue,1,0
17,Summit League,Summit,16,3,1,,,8,181,182,183,0,0,0,sat,thu,tue,1,0
18,Mid-American Conference,MAC,16,4,2,East,West,12,183,185,186,187,0,0,sat,wed,mon,1,0
19,Mid-Eastern Athletic Conference,MEAC,16,2,1,,,13,184,185,186,187,0,0,sat,mon,fri,1,0
20,Missouri Valley Conference,MVC,18,5,1,,,10,175,176,177,181,0,0,sat,thu,tue,1,0
21,Mountain West Conference,Mountain West,16,5,1,,,11,184,185,186,187,0,0,sat,wed,tue,1,0
22,Northeast Conference,Northeast,18,3,1,,,8,175,181,184,0,0,0,sat,thu,mon,1,0
23,Ohio Valley Conference,Ohio Valley,18,4,1,,,8,173,176,177,181,0,0,sat,thu,tue,1,1
24,Pacific-12 Conference,Pacific-12,18,5,1,,,12,184,185,186,187,0,0,sat,thu,sun,1,0
25,Patriot League,Patriot,18,4,1,,,8,174,181,186,0,0,0,sat,wed,mon,1,0
26,Southeastern Conference,SEC,18,5,1,,,14,184,185,186,187,191,0,sat,tue,mon,1,1
27,Southern Conference,Southern,18,3,2,North,South,11,176,177,181,182,0,0,sat,thu,mon,1,0
28,Southland Conference,Southland,16,2,1,,,8,185,186,187,191,0,0,sat,thu,mon,1,1
29,Southwestern Athletic Conference,SWAC,18,2,1,,,8,185,186,187,0,0,0,sat,mon,thu,1,0
30,Sun Belt Conference,Sun Belt,18,3,2,East,West,10,174,181,182,183,0,0,sat,thu,tue,1,0
31,West Coast Conference,WCC,18,5,1,,,10,175,176,177,181,182,0,sat,thu,tue,1,1
32,Western Athletic Conference,WAC,14,3,1,,,8,183,185,186,187,0,0,sat,thu,mon,1,0
33,Big East Conference,Big East,12,5,1,,,7,186,187,191,0,0,0,sat,wed,mon,1,0
34,California Collegiate Athletic Asso,CCAA,20,1,1,,,8,181,182,183,184,0,0,wed,sat,mon,0,0
35,Central Atlantic Collegiate Confere,CACC,18,1,2,North,South,12,181,182,183,184,0,1,wed,sat,mon,0,0
36,Central Intercollegiate Athletics A,CIAA,20,1,2,North,South,11,181,182,183,184,0,0,wed,sat,mon,0,0
37,Conference of Carolinas,CC,18,1,1,,,8,181,182,183,184,0,0,wed,sat,mon,0,0
38,East Coast Conference,ECC,14,1,1,,,8,181,182,183,184,0,0,wed,sat,mon,0,0
39,Great Lakes Intercollegiate Athleti,GLIAC,20,1,2,North,South,8,181,182,183,184,0,0,wed,sat,mon,0,0
40,Great Lakes Valley Conference,GLVC,18,1,1,,,14,181,182,183,184,0,0,wed,sat,mon,0,0
41,Great Northwest Athletic Conference,GNAC,16,1,1,,,8,181,182,183,184,0,0,wed,sat,mon,0,0
42,Gulf South Conference,GSC,18,1,2,East,West,12,181,182,183,184,0,1,wed,sat,mon,0,0
43,Heartland Conference,HC,14,1,1,,,8,181,182,183,184,0,0,wed,sat,mon,0,0
44,Lone Star Conference,LSC,16,1,1,,,8,181,182,183,184,0,0,wed,sat,mon,0,0
45,Mid-America Intercollegiate Athleti,MIAA,20,1,1,,,12,181,182,183,184,0,0,wed,sat,mon,0,0
46,Northeast-10,NE-10,20,1,1,,,8,181,182,183,184,0,0,wed,sat,mon,0,0
47,Northern Sun Intercollegiate Confer,NSIC,20,1,1,,,8,181,182,183,184,0,0,wed,sat,mon,0,0
48,Pacific West Conference,PWC,16,1,1,,,9,181,182,183,184,0,0,wed,sat,mon,0,0
49,Peach Belt Conference,PBC,18,1,1,,,8,181,182,183,184,0,0,wed,sat,mon,0,0
50,Pennsylvania State Athletic Confere,PSAC,18,1,1,,,8,181,182,183,184,0,0,wed,sat,mon,0,0
51,Rocky Mountain Athletic Conference,RMAC,20,1,1,,,8,181,182,183,184,0,0,wed,sat,mon,0,0
52,South Atlantic Conference,SAC,16,1,1,,,8,181,182,183,184,0,0,wed,sat,mon,0,0
53,Southern Intercollegiate Athletic C,SIAC,18,1,1,,,8,181,182,183,184,0,0,wed,sat,mon,0,0
54,Sunshine State Conference,SSC,16,1,1,,,8,181,182,183,184,0,0,wed,sat,mon,0,0
55,Mountain East Conference,MEC,20,1,1,,,14,181,182,183,184,0,0,wed,sat,mon,0,0
56,Allegheny Mountain Collegiate,AMCC,18,1,1,,,6,163,166,167,0,0,0,sat,wed,mon,0,0
57,American Southwest Conference,ASC,19,1,2,East,West,8,166,167,171,0,0,0,sat,thu,mon,0,0
58,Capital Athletic Conference,CAC,12,1,1,,,6,163,165,171,0,0,0,sat,wed,mon,0,0
59,Centennial Conference,CC,18,1,1,,,5,164,166,167,0,0,0,sat,wed,mon,0,0
60,CUNY Athletic Conference,CUNYAC,16,1,2,South,North,8,161,165,167,0,0,0,fri,wed,mon,0,0
61,Conference of Illinois & Wisconsin,CCIW,14,1,1,,,4,166,167,0,0,0,0,sat,wed,mon,0,0
62,Colonial States Athletic Conference,CSAC,18,1,1,,,6,157,163,166,0,0,0,sat,wed,mon,0,0
63,Commonwealth Coast Conference,CCC,18,1,1,,,8,163,165,167,0,0,0,sat,tue,thu,0,0
64,Empire 8 Conference,E8,16,1,1,,,4,166,167,0,0,0,0,sat,fri,tue,0,0
65,Great Northeast Athletic Conference,GNAC,18,1,1,,,8,163,165,167,0,0,0,sat,thu,tue,0,0
66,SUNY Athletic Conference,SUNYAC,18,1,1,,,8,163,166,167,0,0,0,sat,fri,tue,0,0
67,Heartland Collegiate Athletic Confe,HCAC,18,1,1,,,6,163,166,167,0,0,0,sat,wed,sun,0,0
68,Iowa Intercollegiate Athletic Confe,IIAC,14,1,1,,,6,163,165,167,0,0,0,sat,wed,mon,0,0
69,Landmark Conference,LAND,14,1,1,,,4,164,167,0,0,0,0,sat,wed,sun,0,0
70,Liberty League,LL,16,1,1,,,4,163,167,0,0,0,0,sat,fri,wed,0,0
71,Little East Conference,LEC,14,1,1,,,6,163,166,167,0,0,0,sat,tue,thu,0,0
72,Mass. State College Athletic Assoc.,MSCAC,12,1,1,,,6,162,164,167,0,0,0,sat,tue,thu,0,0
73,Michigan Intercollegiate Athletic,MIAA,14,1,1,,,4,165,167,0,0,0,0,sat,thu,tue,0,0
74,MAC Commonwealth Conference,MACC,18,1,1,,,4,163,167,0,0,0,0,sat,wed,mon,0,0
75,MAC Freedom Conference,MACF,14,1,1,,,4,163,167,0,0,0,0,sat,wed,mon,0,0
76,Midwest Conference,MWC,18,1,1,,,4,163,167,0,0,0,0,sat,wed,fri,0,0
77,Minnesota Intercollegiate Athletic,MIAC,20,1,1,,,6,163,165,167,0,0,0,sat,wed,mon,0,0
78,New England Women & Men's,NEWMAC,12,1,1,,,5,163,167,171,0,0,0,sat,wed,tue,0,0
79,New England Collegiate Conference,NECC,16,1,1,,,6,162,166,167,0,0,0,sat,thu,tue,0,0
80,New England Small College Athletic,NESCAC,10,1,1,,,8,157,167,171,0,0,0,sat,fri,sun,0,0
81,New Jersey Athletic Conference,NJAC,18,1,1,,,6,157,164,167,0,0,0,sat,wed,mon,0,0
82,North Atlantic Conference,NAC,18,1,1,,,8,163,166,167,0,0,0,sat,fri,tue,0,0
83,North Coast Athletic Conference,NCAC,16,1,1,,,8,163,166,167,0,0,0,sat,thu,fri,0,0
84,North Eastern Athletic Conference,NEAC,14,1,2,North,South,4,167,171,0,0,0,0,sat,wed,mon,0,0
85,Northern Athletic Conference,NATHC,16,1,2,North,South,8,157,163,167,0,0,0,sat,thu,tue,0,0
86,Northwest Conference,NWC,16,1,1,,,4,165,167,0,0,0,0,sat,fri,tue,0,0
87,Ohio Athletic Conference,OAC,18,1,1,,,8,162,163,165,167,0,0,sat,wed,mon,0,1
88,Old Dominion Athletic Conference,ODAC,16,1,1,,,12,163,166,167,171,0,0,sat,wed,mon,0,0
89,Presidents' Athletic Conference,PAC,16,1,1,,,9,162,163,165,167,0,0,sat,wed,mon,0,0
90,Skyline Conference,SKY,18,1,1,,,6,162,164,167,0,0,0,sat,wed,mon,0,0
91,Southern California Intercollegiate,SCIAC,16,1,1,,,4,166,167,0,0,0,0,sat,wed,mon,0,0
92,St. Louis Intercollegiate,SLIAC,16,1,1,,,4,166,167,0,0,0,0,sat,tue,wed,0,0
93,University Athletic Association,UAA,14,1,1,,,0,0,0,0,0,0,0,sun,fri,sat,0,0
94,Upper Midwest Athletic Conference,UMAC,14,1,1,,,4,164,167,0,0,0,0,sat,fri,tue,0,0
95,USA South Athletic Conference,USAC,16,1,1,,,8,166,167,171,0,0,0,sat,fri,tue,0,0
96,Wisconsin Intercollegiate Athletic,WIAC,16,1,1,,,6,164,166,171,0,0,0,sat,wed,fri,0,0
97,Southern Athletic Association,SAA,14,1,1,,,8,166,167,171,0,0,0,sun,fri,sat,0,0
98,Southern Collegiate,SCAC,15,1,1,,,6,166,167,171,0,0,0,sat,fri,wed,0,0
99,Great Midwest Athletic Conference,G-MAC,14,1,1,,,6,166,167,171,0,0,0,sat,thu,wed,0,0
