1047,,,,,,,,,,,,,,
ID,Name,Mascot,Prestige,Abbr,Logo,City,State,Conference,Division,TeamColor,TravelPart,Lat,Long,Academics
1,Albany,Great Danes,37,ALB,albany,Albany,NY,1,1,#331165,0,42.66,-73.78,1
2,Binghamton,Bearcats,21,BING,binghamton,Binghamton,NY,1,1,#00614A,0,42.1,-75.91,1
3,Hartford,Hawks,22,HART,hartford,West Hartford,CT,1,1,#D60008,0,41.76,-72.74,1
4,Maine,Black Bears,26,MAINE,maine,Orono,ME,1,1,#0099CC,0,44.89,-68.67,1
5,New Hampshire,Wildcats,22,UNH,newhampshire,Durham,NH,1,1,#004371,0,43.14,-70.93,1
6,Stony Brook,Seawolves,44,STONY,stonybrook,Stony Brook,NY,1,1,#003559,0,40.91,-73.13,1
7,UMBC,Retrievers,19,UMBC,umbc,Baltimore,MD,1,1,#232323,0,39.31,-76.62,1
8,Vermont,Catamounts,59,UVM,vermont,Burlington,VT,1,1,#214231,0,44.48,-73.22,1
9,Butler,Bulldogs,81,BUT,butler,Indianapolis,IN,2,1,#004F87,0,39.79,-86.15,1
10,Dayton,Flyers,74,DAY,dayton,Dayton,OH,2,1,#E50B0D,0,39.76,-84.2,1
11,Duquesne,Dukes,55,DUQ,duquesne,Pittsburgh,PA,2,1,#283A61,0,40.44,-79.98,1
12,Fordham,Rams,30,FORD,fordham,New York,NY,2,1,#A50019,0,40.7,-73.92,1
13,George Washington,Colonials,60,GWU,georgewashington,Washington,DC,2,1,#002843,0,38.91,-77.01,1
14,La Salle,Explorers,62,LAS,lasalle,Philadelphia,PA,2,1,#000063,0,40,-75.14,1
15,Massachusetts,Minutemen,64,UMASS,massachusetts,Amherst,MA,2,1,#AC0D1E,0,42.38,-72.52,1
16,Rhode Island,Rams,59,URI,rhodeisland,Kingston,RI,2,1,#003559,0,41.48,-71.53,1
17,Richmond,Spiders,65,RICH,richmond,Richmond,VA,2,1,#004371,0,37.54,-77.46,1
18,Saint Joseph's,Hawks,67,JOES,stjosephs,Philadelphia,PA,2,1,#BB003A,0,40,-75.14,1
19,Saint Louis,Billikens,70,SLU,saintlouis,St. Louis,MO,2,1,#00428C,0,38.63,-90.24,1
20,St. Bonaventure,Bonnies,52,STBN,stbonaventure,St. Bonaventure,NY,2,1,#712A1B,0,42.08,-78.47,1
21,VCU,Rams,81,VCU,virginiacommonwealth,Richmond,VA,2,1,#EDBC31,0,37.54,-77.46,1
22,Xavier,Musketeers,83,XAV,xavier,Cincinnati,OH,2,1,#004B80,0,39.14,-84.5,1
23,Boston College,Eagles,68,BC,bostoncollege,Newton,MA,3,1,#222222,0,42.34,-71.21,1
24,Clemson,Tigers,82,CLEM,clemson,Clemson,SC,3,1,#F35B0F,0,34.68,-82.81,1
25,Duke,Blue Devils,94,DUKE,duke,Durham,NC,3,1,#00519B,0,35.99,-78.91,1
26,Florida State,Seminoles,82,FSU,floridastate,Tallahassee,FL,3,1,#B72931,0,30.45,-84.27,1
27,Georgia Tech,Yellow Jackets,73,GT,georgiatech,Atlanta,GA,3,1,#CFB53B,0,33.76,-84.4,1
28,Louisville,Cardinals,92,VILLE,louisville,Louisville,KY,3,1,#DE0018,0,38.23,-85.75,1
29,Miami,Hurricanes,84,MIAMI,miami,Coral Gables,FL,3,1,#004325,0,25.73,-80.27,1
30,North Carolina,Tar Heels,91,UNC,northcarolina,Chapel Hill,NC,3,1,#99BADD,0,35.93,-79.04,1
31,North Carolina State,Wolfpack,80,NC ST,northcarolinastate,Raleigh,NC,3,1,#D4212C,0,35.82,-78.64,1
32,Notre Dame,Fighting Irish,86,ND,notredame,South Bend,IN,3,1,#002157,0,41.67,-86.26,1
33,Pittsburgh,Panthers,91,PITT,pittsburgh,Pittsburgh,PA,3,1,#313169,0,40.44,-79.98,1
34,Syracuse,Orange,92,SYR,syracuse,Syracuse,NY,3,1,#FF6318,0,43.05,-76.14,1
35,Virginia,Cavaliers,78,UVA,virginia,Charlottesville,VA,3,1,#002C62,0,38.03,-78.49,1
36,Virginia Tech,Hokies,76,VT,virginiatech,Blacksburg,VA,3,1,#7B2129,0,37.23,-80.42,1
37,Wake Forest,Deamon Deacons,63,WAKE,wakeforest,Winston-Salem,NC,3,1,#9D7C34,0,36.1,-80.26,1
38,East Tennessee State,Buccaneers,46,ETSU,easttennesseestate,Johnson City,TN,4,1,#00378A,0,36.34,-82.37,1
39,Florida Gulf Coast,Eagles,27,FGCU,floridagulfcoast,Fort Myers,FL,4,1,#1D5083,0,26.64,-81.87,1
40,Jacksonville,Dolphins,36,JAX,jacksonville,Jacksonville,FL,4,1,#008568,0,30.32,-81.66,1
41,Kennesaw State,Owls,13,KENSW,kennstate,Kennesaw,GA,4,1,#FEBC11,0,34.02,-84.3,1
42,Lipscomb,Bison,38,LPSCM,lipscomb,Nashville,TN,4,1,#331165,0,36.15,-86.76,1
43,Mercer,Bears,39,MERC,mercer,Macon,GA,4,1,#FF7F29,0,32.83,-83.65,1
44,North Florida,Ospreys,21,UNF,northflorida,Jacksonville,FL,4,1,#000098,0,30.33,-81.66,1
45,Northern Kentucky,Norse,5,NKU,nku,Highland Heights,KY,4,1,#FFC324,0,39.03733,-84.4535,1
46,Stetson,Hatters,21,STET,stetson,De Land,FL,4,1,#18581C,0,29.03,-81.3,1
47,USC Upstate,Spartans,25,USC U,uscupstate,Spartanburg,SC,4,1,#2B5F49,0,34.95,-81.93,1
48,Baylor,Bears,81,BAY,baylor,Waco,TX,5,1,#004833,0,31.55,-97.16,1
49,Iowa State,Cyclones,77,IA ST,iowastate,Ames,IA,5,1,#BA0A2B,0,42.03,-93.63,1
50,Kansas,Jayhawks,95,KAN,kansas,Lawrence,KS,5,1,#0337B4,0,38.96,-95.25,1
51,Kansas State,Wildcats,87,KSU,kansasstate,Manhattan,KS,5,1,#633194,0,39.19,-96.59,1
52,Oklahoma,Sooners,76,OKLA,oklahoma,Norman,OK,5,1,#7B0000,0,35.22,-97.42,1
53,Oklahoma State,Cowboys,82,OK ST,oklahomastate,Stillwater,OK,5,1,#FF7300,0,36.16,-97.09,1
54,Texas,Longhorns,87,TEX,texas,Austin,TX,5,1,#EF7321,0,30.3,-97.75,1
55,Texas Christian,Horned Frogs,36,TCU,tcu,Fort Worth,TX,5,1,#4D1979,0,32.74,-97.33,1
56,Texas Tech,Red Raiders,58,TX TC,texastech,Lubbock,TX,5,1,#D60039,0,33.56,-101.88,1
57,West Virginia,Mountaineers,85,WVU,westvirginia,Morgantown,WV,5,1,#00386B,0,39.63,-79.95,1
58,Central Florida,Knights,61,UCF,centralflorida,Orlando,FL,6,1,#222222,0,28.53,-81.38,1
59,Cincinnati,Bearcats,82,CINCI,cincinnati,Cincinnati,OH,6,1,#252525,0,39.14,-84.5,1
60,Connecticut,Huskies,88,UCONN,connecticut,Storrs,CT,6,1,#091D5A,0,41.81,-72.26,1
61,Houston,Cougars,57,HOU,houston,Houston,TX,6,1,#E73139,0,29.76,-95.38,1
62,Memphis,Tigers,87,MEM,memphis,Memphis,TN,6,1,#29299C,0,35.12,-89.97,1
63,South Florida,Bulls,64,USF,southflorida,Tampa,FL,6,1,#004231,0,27.97,-82.46,1
64,Southern Methodist,Mustangs,46,SMU,southernmethodist,Dallas,TX,6,1,#E73139,0,32.8,-96.79,1
65,Temple,Owls,80,TEMP,temple,Philadelphia,PA,6,1,#BC0138,0,40,-75.14,1
66,Tulane,Green Wave,46,TUL,tulane,New Orleans,LA,6,1,#084A38,0,29.97,-90.06,1
67,Eastern Washington,Eagles,28,EWU,easternwashington,Cheney,WA,7,1,#D72D35,0,47.49,-117.58,1
68,Idaho,Vandals,43,IDAHO,idaho,Moscow,ID,7,1,#CEBE70,0,46.73,-117,1
69,Idaho State,Bengals,21,ID ST,idahostate,Pocatello,ID,7,1,#FB5D13,0,42.88,-112.45,1
70,Montana,Grizzlies,55,MONT,montana,Missoula,MT,7,1,#63104A,0,46.86,-114.01,1
71,Montana State,Bobcats,27,MT ST,montanastate,Bozeman,MT,7,1,#013D7D,0,45.68,-111.05,1
72,North Dakota,Fighting Sioux,12,UND,northdakota,Grand Forks,ND,7,1,#017338,0,47.93,-97.03,1
73,Northern Arizona,Lumberjacks,32,NAU,northernarizona,Flagstaff,AZ,7,1,#001894,0,35.2,-111.63,1
74,Northern Colorado,Bears,34,NO CO,northerncolorado,Greeley,CO,7,1,#000066,0,40.42,-104.71,1
75,Portland State,Vikings,38,PT ST,portlandstate,Portland,OR,7,1,#005E60,0,45.52,-122.64,1
76,Sacramento State,Hornets,18,SACST,sacramentostate,Sacramento,CA,7,1,#145F52,0,38.56,-121.47,1
77,Southern Utah,Thunderbirds,27,SUU,southernutah,Cedar City,UT,7,1,#D10000,0,37.68,-113.07,1
78,Weber State,Wildcats,53,WEBER,weberstate,Ogden,UT,7,1,#18005A,0,41.23,-111.96,1
79,Campbell,Fighting Camels,27,CAMP,campbell,Buies Creek,NC,8,1,#FF7F00,0,35.41,-78.74,1
80,Charleston Southern,Buccaneers,29,CH SO,charlestonsouthern,Charleston,SC,8,1,#2E3192,0,32.79,-79.99,1
81,Coastal Carolina,Chanticleers,39,C CAR,coastalcarolina,Conway,SC,8,1,#59A0A0,0,33.84,-79.06,1
82,Gardner Webb,Runnin' Bulldogs,26,GWEBB,gardnerwebb,Boiling Springs,NC,8,1,#CF0000,0,35.25,-81.66,1
83,High Point,Panthers,29,HP,highpoint,High Point,NC,8,1,#263996,0,35.97,-80,1
84,Liberty,Flames,26,LIB,liberty,Lynchburg,VA,8,1,#000073,0,37.4,-79.17,1
85,Longwood,Lancers,10,LONG,longwood,Farmville,VA,8,1,#001F6B,0,37.3,-78.39,1
86,Presbyterian,Blue Hose,15,PRES,presbyterian,Clinton,SC,8,1,#013082,0,34.47,-81.88,1
87,Radford,Highlanders,22,RAD,radford,Radford,VA,8,1,#BD1818,0,37.13,-80.57,1
88,UNC Asheville,Bulldogs,41,UNCA,uncasheville,Asheville,NC,8,1,#092575,0,35.58,-82.56,1
89,VMI,Keydets,27,VMI,vmi,Lexington,VA,8,1,#FF0000,0,37.78,-79.45,1
90,Winthrop,Eagles,40,WINTH,winthrop,Rock Hill,SC,8,1,#9E0B0E,0,34.94,-81.03,1
91,Illinois,Fighting Illini,86,ILL,illinois,Champaign,IL,9,1,#F77329,0,40.11,-88.26,1
92,Indiana,Hoosiers,78,IND,indiana,Bloomington,IN,9,1,#DE3129,0,39.16,-86.53,1
93,Iowa,Hawkeyes,73,IOWA,iowa,Iowa City,IA,9,1,#232323,0,41.66,-91.52,1
94,Maryland,Terrapins,81,UMD,maryland,College Park,MD,9,1,#D60039,0,39,-76.93,1
95,Michigan,Wolverines,85,MICH,michigan,Ann Arbor,MI,9,1,#292942,0,42.27,-83.74,1
96,Michigan State,Spartans,91,MI ST,michiganstate,East Lansing,MI,9,1,#265142,0,42.74,-84.48,1
97,Minnesota,Golden Gophers,82,MINN,minnesota,Minneapolis,MN,9,1,#752132,0,44.96,-93.27,1
98,Nebraska,Cornhuskers,70,NEB,nebraska,Lincoln,NE,9,1,#FE0D04,0,40.81,-96.68,1
99,Northwestern,Wildcats,72,NW,northwestern,Evanston,IL,9,1,#372286,0,42.05,-87.69,1
100,Ohio State,Buckeyes,93,OH ST,ohiostate,Columbus,OH,9,1,#DE3129,0,39.99,-82.99,1
101,Penn State,Nittany Lions,64,PSU,pennstate,State College,PA,9,1,#002654,0,40.79,-77.86,1
102,Purdue,Boilermakers,84,PUR,purdue,West Lafayette,IN,9,1,#211818,0,40.44,-86.91,1
103,Rutgers,Scarlet Knights,61,RUT,rutgers,New Brunswick,NJ,9,1,#FF3B2F,0,40.49,-74.45,1
104,Wisconsin,Badgers,93,WISC,wisconsin,Madison,WI,9,1,#D71034,0,43.07,-89.39,1
105,Cal Poly,Mustangs,39,POLY,calpoly,San Luis Obispo,CA,10,1,#004231,0,35.27,-120.66,1
106,Cal State Fullerton,Titans,44,CSF,calstatefullerton,Fullerton,CA,10,1,#004A7B,0,33.88,-117.93,1
107,Cal State Northridge,Matadors,39,CSN,calstatenorthridge,Northridge,CA,10,1,#B50000,0,34.23,-118.54,1
108,Hawaii,Warriors,46,HAW,hawaii,Honolulu,HI,10,1,#004231,0,21.31,-157.83,1
109,Long Beach State,49ers,55,LBSU,longbeachstate,Long Beach,CA,10,1,#111F1A,0,33.8,-118.16,1
110,UC Davis,Aggies,25,UCD,ucdavis,Davis,CA,10,1,#1B265C,0,38.55,-121.74,1
111,UC Irvine,Anteaters,39,UCI,ucirvine,Irvine,CA,10,1,#00108C,0,33.68,-117.79,1
112,UC Riverside,Highlanders,22,UCR,ucriverside,Riverside,CA,10,1,#13214E,0,33.95,-117.4,1
113,UC Santa Barbara,Gauchos,52,UCSB,ucsantabarbara,Santa Barbara,CA,10,1,#0439A7,0,34.43,-119.71,1
114,College of Charleston,Cougars,56,COFC,collegeofcharleston,Charleston,SC,11,1,#9E8249,0,32.79,-79.99,1
115,Delaware,Blue Hens,40,DEL,delaware,Newark,DE,11,1,#0068A9,0,39.68,-75.76,1
116,Drexel,Dragons,60,DREX,drexel,Philadelphia,PA,11,1,#020260,0,40,-75.14,1
117,George Mason,Patriots,68,GMU,georgemason,Fairfax,VA,11,1,#016600,0,38.85,-77.3,1
118,Hofstra,Pride,45,HOF,hofstra,Hempstead,NY,11,1,#27297C,0,40.7,-73.62,1
119,James Madison,Dukes,39,JMU,jamesmadison,Harrisonburg,VA,11,1,#450084,0,38.44,-78.87,1
120,Northeastern,Huskies,54,NE,northeastern,Boston,MA,11,1,#D72D35,0,42.32,-71.09,1
121,Towson,Tigers,30,TOW,towson,Towson,MD,11,1,#F3AE22,0,39.39,-76.61,1
122,UNC Wilmington,Seahawks,35,UNCW,uncwilmington,Wilmington,NC,11,1,#1D2F68,0,34.22,-77.91,1
123,William & Mary,Tribe,37,WM,williammary,Williamsburg,VA,11,1,#073E2B,0,37.27,-76.71,1
124,Charlotte,49ers,59,CHAR,charlotte,Charlotte,NC,12,1,#0C562D,0,35.21,-80.83,1
125,East Carolina,Pirates,43,ECU,eastcarolina,Greenville,NC,12,1,#4B1869,0,35.6,-77.37,1
126,Florida Atlantic,Owls,33,FAU,floridaatlantic,Boca Raton,FL,12,1,#00386B,0,26.37,-80.1,1
127,Florida International,Golden Panthers,28,FIU,floridainternational,Miami,FL,12,1,#002D62,0,25.79,-80.22,1
128,Louisiana Tech,Bulldogs,49,LT,louisianatech,Ruston,LA,12,1,#3129E7,0,32.53,-92.64,1
129,Marshall,Thundering Herd,57,MARSH,marshall,Huntington,WV,12,1,#186329,0,38.41,-82.43,1
130,Middle Tennessee,Blue Raiders,60,MTU,middletennesseestate,Murfreesboro,TN,12,1,#0066A4,0,35.86,-86.39,1
131,North Texas,Mean Green,45,UNT,northtexas,Denton,TX,12,1,#006342,0,33.22,-97.13,1
132,Old Dominion,Monarchs,66,ODU,olddominion,Norfolk,VA,12,1,#00507D,0,36.89,-76.26,1
133,Rice,Owls,37,RICE,rice,Houston,TX,12,1,#00315A,0,29.76,-95.38,1
134,Southern Mississippi,Golden Eagles,67,USM,southernmississippi,Hattiesburg,MS,12,1,#FFBD24,0,31.32,-89.31,1
135,Texas San Antonio,Roadrunners,33,UTSA,texassanantonio,San Antonio,TX,12,1,#113B7D,0,29.45,-98.51,1
136,Tulsa,Golden Hurricane,65,TULSA,tulsa,Tulsa,OK,12,1,#004273,0,36.13,-95.94,1
137,UAB,Blazers,70,UAB,uab,Birmingham,AL,12,1,#006117,0,33.52,-86.81,1
138,UTEP,Miners,70,UTEP,utep,El Paso,TX,12,1,#FF7339,0,31.79,-106.42,1
139,NJIT,Highlanders,12,NJIT,njit,Newark,NJ,1,1,#900108,0,40.74,-74.17,1
140,Central State,Marauders,79,CSTU ,CSTU,Wilberforce,OH,99,1,#800040,0,39.711794,-83.88689,1
141,District of Columbia,Firebirds,46,UDC  ,UDC,Washington,DC,13,1,#D4A017,0,38.89037,-77.031959,1
142,North Greenville,Crusaders,45,NGU  ,NGU,Tigerville,SC,13,1,#CE0000,0,35.070339,-82.369209,1
143,Oakland City,Mighty Oaks,57,OCU  ,OCU,Oakland City,IN,13,1,#0000A0,0,38.334108,-87.345139,1
144,Palm Beach Atlantic,Sailfish,19,PBA  ,PBA,West Palm Beach,FL,13,1,#000080,0,26.714388,-80.052689,1
145,Salem International,Fighting Tigers,23,SIU  ,SIU,Salem,WV,99,1,#008000,0,39.282681,-80.558427,1
146,Urbana,Blue Knights,52,UU   ,UU,Urbana,OH,99,1,#0080C0,0,40.108845,-83.752414,1
147,Washington Adventist,Pioneers,12,WAU  ,WAU,Takoma Park,MD,13,1,#8080FF,0,38.981265,-77.009879,1
148,Finlandia,Lions,10,FIN  ,FIN,Hancock,MI,13,1,#0000FF,0,47.13,-88.59,3
149,Huntingdon,Hawks,10,HNTDN,HNTDN,Montgomery,AL,13,1,#DD0000,0,32.35,-86.29,3
150,Maine-Presque Isle,Owls,10,UMPI ,UMPI,Presque Isle,ME,13,1,#0000FF,0,46.67,-68.02,3
151,Nebraska Wesleyan,Prairie Wolves,10,NEWES,NEWES,Lincoln,NE,13,1,#827F00,0,40.84,-96.65,3
152,Pratt Institute,Cannoneers,10,PRATT,PRATT,Brooklyn,NY,13,1,#FFFF00,0,40.69,-73.96,3
153,Presentation,Saints,10,PRES ,PRES,Aberdeen,SD,13,1,#007F00,0,45.49,-98.49,3
154,Rust,Bearcats,10,RUST ,RUST,Holly Springs,MS,13,1,#0000FF,0,34.78,-89.45,3
155,Sarah Lawrence,Gryphons,10,SLAW ,SLAW,Bronxville,NY,13,1,#007F00,0,40.93,-73.84,3
156,St. Joseph's (Brk),Bears,10,STJBK,STJBK,Brooklyn,NY,13,1,#00007F,0,40.69,-73.97,3
157,SUNY-Canton,Kangaroos,10,NYCAN,NYCAN,Canton,NY,13,1,#00007F,0,44.61,-75.19,3
158,UC-Santa Cruz,Banana Slugs,10,UCSC ,UCSC,Santa Cruz,CA,13,1,#0000FF,0,36.98,-122.03,3
159,Valley Forge,Patriots,10,VLYFG,VLYFG,Phoenixville,PA,13,1,#00007F,0,40.12,-75.55,3
160,William Peace,Pacers,10,WPEAC,WPEAC,Raleigh,NC,13,1,#007F00,0,35.78,-78.6,3
161,American International,Yellow Jackets,49,AIC  ,AIC,Springfield,MA,14,1,#000000,0,42.10125,-72.589294,1
162,Cleveland State,Vikings,54,CLEV,clevelandstate,Cleveland,OH,14,1,#116644,0,41.48,-81.67,1
163,Detroit,Titans,55,UDM,detroit,Detroit,MI,14,1,#165B9E,0,42.39,-83.1,1
164,Illinois Chicago,Flames,41,UIC,illinoischicago,Chicago,IL,14,1,#234077,0,41.84,-87.68,1
165,Loyola Chicago,Ramblers,43,LOYIL,loyolachicago,Chicago,IL,14,1,#9D1244,0,41.84,-87.68,1
166,UW Green Bay,Phoenix,56,UWGB,greenbay,Green Bay,WI,14,1,#006633,0,44.51,-88.02,1
167,UW Milwaukee,Golden Panthers,49,UWMIL,milwaukee,Milwaukee,WI,14,1,#FDBB30,0,43.05,-87.96,1
168,Valparaiso,Crusaders,56,VALPO,valparaiso,Valparaiso,IN,14,1,#964B00,0,41.48,-87.06,1
169,Wright State,Raiders,59,WRGHT,wrightstate,Dayton,OH,14,1,#A36209,0,39.76,-84.2,1
170,Youngstown State,Penguins,38,YSU,youngstownstate,Youngstown,OH,14,1,#961F22,0,41.1,-80.65,1
171,Brown,Bears,26,BROWN,brown,Providence,RI,15,1,#593D2B,0,41.82,-71.42,1
172,Columbia,Lions,32,COLUM,columbia,New York,NY,15,1,#80BEE8,59,40.7,-73.92,1
173,Cornell,Big Red,47,CORN,cornell,Ithaca,NY,15,1,#D60027,0,42.44,-76.5,1
174,Dartmouth,Big Green,15,DART,dartmouth,Hanover,NH,15,1,#005730,0,43.7,-72.28,1
175,Harvard,Crimson,52,HARV,harvard,Boston,MA,15,1,#990000,0,42.32,-71.09,1
176,Pennsylvania,Quakers,41,PENN,pennsylvania,Philadelphia,PA,15,1,#96203D,0,40,-75.14,1
177,Princeton,Tigers,52,PRIN,princeton,Princeton,NJ,15,1,#F96302,0,40.35,-74.66,1
178,Yale,Bulldogs,37,YALE,yale,New Haven,CT,15,1,#004A81,0,41.31,-72.92,1
179,Canisius,Golden Griffins,36,CAN,canisius,Buffalo,NY,16,1,#002649,0,42.9,-78.85,1
180,Fairfield,Stags,56,FAIR,fairfield,Fairfield,CT,16,1,#D82D39,0,41.18,-73.28,1
181,Iona,Gaels,59,IONA,iona,New Rochelle,NY,16,1,#8C001A,0,40.93,-73.78,1
182,Manhattan,Jaspers,40,MANH,manhattan,Riverdale,NY,16,1,#4F8537,0,40.9,-73.9,1
183,Marist,Red Foxes,29,MAR,marist,Poughkeepsie,NY,16,1,#E53730,0,41.7,-73.92,1
184,Monmouth,Hawks,20,MONM,monmouth,West Long Branch,NJ,16,1,#0D217B,0,40.29,-74.02,1
185,Niagara,Purple Eagles,48,NIAG,niagara,Lewiston,NY,16,1,#4F2170,0,43.17,-79.04,1
186,Quinnipiac,Bobcats,37,QUIN,quinnipiac,Hamden,CT,16,1,#051D45,0,41.31,-72.91,1
187,Rider,Broncs,45,RIDER,rider,Lawrenceville,NJ,16,1,#C82223,0,40.3,-74.74,1
188,Siena,Saints,48,SIENA,siena,Albany,NY,16,1,#006953,0,42.66,-73.78,1
189,St. Peter's,Peacocks,31,PETES,stpeters,New Brunswick,NJ,16,1,#2361AA,0,40.49,-74.45,1
190,Armstrong Atlantic,Pirates,63,AASU ,AASU,Savannah,GA,17,1,#800000,0,32.08078,-81.090719,1
191,Denver,Pioneers,51,DEN,denver,Denver,CO,17,1,#9C143D,0,39.73,-104.97,1
192,IPFW,Mastodons,29,IPFW,ipfw,Fort Wayne,IN,17,1,#00378A,0,41.08,-85.13,1
193,IUPUI,Jaguars,46,IUPUI,indianapurdue,Indianapolis,IN,17,1,#CA3A44,0,39.79,-86.15,1
194,Nebraska Omaha,Mavericks,4,UNO,uno,Omaha,NE,17,1,#000000,0,41.201174,-96.189757,1
195,North Dakota State,Bison,54,NDSU,northdakotastate,Fargo,ND,17,1,#006633,0,46.88,-96.79,1
196,Oakland,Golden Grizzlies,56,OAK,oakland,Rochester,MI,17,1,#04091C,0,42.68,-83.13,1
197,South Dakota,Coyotes,15,USD,southdakota,Vermillion,SD,17,1,#AE0001,0,42.78,-96.93,1
198,South Dakota State,Jackrabbits,46,SD ST,southdakotastate,Brookings,SD,17,1,#002662,0,44.31,-96.8,1
199,Western Illinois,Leathernecks,29,WIU,westernillinois,Macomb,IL,17,1,#4E1E8A,0,40.46,-90.67,1
200,Akron,Zips,72,AKRON,akron,Akron,OH,18,1,#0A1E5B,0,41.07,-81.52,1
201,Ball State,Cardinals,36,BALL,ballstate,Muncie,IN,18,2,#DE0000,0,40.19,-85.39,1
202,Bowling Green,Falcons,43,BGSU,bowlinggreen,Bowling Green,OH,18,1,#F04C27,0,41.37,-83.65,1
203,Buffalo,Bulls,53,BUFF,buffalo,Buffalo,NY,18,1,#004A84,0,42.9,-78.85,1
204,Central Michigan,Chippewas,30,CMU,centralmichigan,Mount Pleasant,MI,18,2,#7B0000,0,43.6,-84.77,1
205,Eastern Michigan,Eagles,30,EMU,easternmichigan,Ypsilanti,MI,18,2,#385242,0,42.24,-83.62,1
206,Kent State,Golden Flashes,66,KENT,kentstate,Kent,OH,18,1,#212142,0,41.15,-81.36,1
207,Miami Ohio,RedHawks,52,MI OH,miamiohio,Oxford,OH,18,1,#CE2229,0,39.51,-84.75,1
208,Northern Illinois,Huskies,24,NIU,northernillinois,DeKalb,IL,18,2,#E73139,0,41.93,-88.75,1
209,Ohio,Bobcats,66,OHIO,ohio,Athens,OH,18,1,#006342,0,39.33,-82.1,1
210,Toledo,Rockets,34,TOL,toledo,Toledo,OH,18,2,#00275D,0,41.67,-83.58,1
211,Western Michigan,Broncos,53,WMU,westernmichigan,Kalamazoo,MI,18,2,#514B52,0,42.28,-85.58,1
212,Bethune Cookman,Wildcats,17,BCC,bethunecookman,Daytona Beach,FL,19,1,#7B1831,0,29.21,-81.04,1
213,Coppin State,Eagles,19,COPP,coppinstate,Baltimore,MD,19,1,#2E3192,0,39.31,-76.62,1
214,Delaware State,Hornets,22,DELST,delawarestate,Dover,DE,19,1,#FF3630,0,39.16,-75.53,1
215,Florida A&M,Rattlers,12,FAMU,floridaam,Tallahassee,FL,19,1,#FF7329,0,30.45,-84.27,1
216,Hampton,Pirates,27,HAMP,hampton,Hampton,VA,19,1,#2E3192,0,37.03,-76.36,1
217,Howard,Bison,8,HOW,howard,Washington,DC,19,1,#9E0B0E,0,38.91,-77.01,1
218,Maryland Eastern Shore,Hawks,6,UMES,marylandeastshore,Princess Anne,MD,19,1,#822433,0,38.2,-75.7,1
219,Morgan State,Bears,32,MORG,morganstate,Baltimore,MD,19,1,#00337F,0,39.31,-76.62,1
220,Norfolk State,Spartans,24,NORF,norfolkstate,Norfolk,VA,19,1,#08614F,0,36.89,-76.26,1
221,North Carolina A&T,Aggies,18,NC AT,northcarolinaat,Greensboro,NC,19,1,#002659,0,36.08,-79.82,1
222,North Carolina Central,Eagles,21,NCCU,northcarolinacentral,Durham,NC,19,1,#660000,0,35.99,-78.9,1
223,Savannah State,Tigers,22,SAVST,savannahstate,Savannah,GA,19,1,#001558,0,32.04,-81.07,1
224,South Carolina State,Bulldogs,14,SC ST,southcarolinastate,Orangeburg,SC,19,1,#8C2633,0,33.5,-80.86,1
225,Bradley,Braves,55,BRAD,bradley,Peoria,IL,20,1,#B70002,0,40.72,-89.61,1
226,Creighton,Bluejays,79,CREIG,creighton,Omaha,NE,20,1,#13299E,0,41.26,-96.01,1
227,Drake,Bulldogs,56,DRAKE,drake,Des Moines,IA,20,1,#0D1361,0,41.59,-93.62,1
228,Evansville,Aces,53,EVANS,evansville,Evansville,IN,20,1,#663399,0,37.98,-87.55,1
229,Illinois State,Redbirds,67,IL ST,illinoisstate,Normal,IL,20,1,#D72D35,0,40.51,-88.99,1
230,Indiana State,Sycamores,59,IN ST,indianastate,Terre Haute,IN,20,1,#00669A,0,39.47,-87.39,1
231,Missouri State,Bears,65,MO ST,missouristate,Springfield,MO,20,1,#50011A,0,37.2,-93.29,1
232,Northern Iowa,Panthers,75,UNI,northerniowa,Cedar Falls,IA,20,1,#4A015B,0,42.52,-92.45,1
233,Southern Illinois,Salukis,55,SIU,southernillinois,Carbondale,IL,20,1,#85283D,0,37.78,-89.25,1
234,Wichita State,Shockers,80,WICH,wichitastate,Wichita,KS,20,1,#0D0A03,0,37.69,-97.34,1
235,Air Force,Falcons,56,AF,airforce,Colorado Springs,CO,21,1,#1062A9,0,38.86,-104.79,1
236,Boise State,Broncos,61,BOISE,boisestate,Boise,ID,21,1,#29299C,0,43.61,-116.24,1
237,Colorado State,Rams,64,CSU,coloradostate,Fort Collins,CO,21,1,#076D54,0,40.56,-105.08,1
238,Fresno State,Bulldogs,50,FRES,fresnostate,Fresno,CA,21,1,#D81C3F,0,36.78,-119.79,1
239,Nevada,Wolf Pack,66,NEV,nevada,Reno,NV,21,1,#084A73,0,39.53,-119.82,1
240,New Mexico,Lobos,83,UNM,newmexico,Albuquerque,NM,21,1,#C41E3A,0,35.11,-106.61,1
241,San Diego State,Aztecs,82,SDSU,sandiegostate,San Diego,CA,21,1,#A81933,0,32.78,-117.15,1
242,San Jose State,Spartans,33,SJSU,sanjosestate,San Jose,CA,21,1,#005A94,0,37.3,-121.87,1
243,UNLV,Rebels,83,UNLV,unlv,Las Vegas,NV,21,1,#E73139,0,36.19,-115.22,1
244,Utah State,Aggies,75,UT ST,utahstate,Logan,UT,21,1,#003366,0,41.74,-111.83,1
245,Wyoming,Cowboys,56,WYO,wyoming,Laramie,WY,21,1,#523921,0,41.31,-105.59,1
246,Bryant,Bulldogs,14,BRY,bryant,Smithfield,RI,22,1,#A7967A,0,41.92,-71.55,1
247,Central Connecticut State,Blue Devils,35,CCSU,centralconnecticut,New Britain,CT,22,1,#1E489C,0,41.67,-72.78,1
248,Fairleigh Dickinson,Knights,16,FDU,fairleighdickinson,Teaneck,NJ,22,1,#AB2941,0,40.89,-74.01,1
249,LIU Brooklyn,Blackbirds,37,LIU,longisland,Brookville,NY,22,1,#211818,0,40.82,-73.57,1
250,Mount St. Mary's,Mountaineers,32,MSM,mtsaintmarys,Emmitsburg,MD,22,1,#003F87,0,39.7,-77.33,1
251,Robert Morris,Colonials,50,RMU,robertmorris,Pittsburgh,PA,22,1,#3D4262,0,40.44,-79.98,1
252,Sacred Heart,Pioneers,30,HEART,sacredheart,Fairfield,CT,22,1,#BB003A,0,41.18,-73.28,1
253,St. Francis NY,Terriers,28,SF NY,stfrancisny,Brooklyn Heights,NY,22,1,#032845,0,40.69,-73.99,1
254,St. Francis PA,Red Flash,14,SF PA,stfrancispa,Loretto,PA,22,1,#A20012,0,40.51,-78.64,1
255,Wagner,Seahawks,32,WAG,wagner,New York,NY,22,1,#003E22,0,40.7,-73.92,1
256,Austin Peay,Governors,39,PEAY,austinpeay,Clarksville,TN,23,1,#C41E3A,0,36.56,-87.36,1
257,Belmont,Bruins,71,BEL,belmont,Nashville,TN,23,1,#182142,0,36.15,-86.76,1
258,Eastern Illinois,Panthers,21,EIU,easternillinois,Charleston,IL,23,1,#003399,0,39.49,-88.18,1
259,Eastern Kentucky,Colonels,40,EKU,easternkentucky,Richmond,KY,23,1,#75263D,0,37.74,-84.29,1
260,Jacksonville State,Gamecocks,28,JX ST,jacksonvillestate,Jacksonville,AL,23,1,#C61018,0,33.82,-85.76,1
261,Morehead State,Eagles,42,MORE,moreheadstate,Morehead,KY,23,1,#29109C,0,38.18,-83.44,1
262,Murray State,Racers,63,MURR,murraystate,Murray,KY,23,1,#182356,0,36.61,-88.32,1
263,SIU Edwardsville,Cougars,9,SIUE,siue,Edwardsville,IL,23,1,#FF0000,0,38.81,-89.95,1
264,Southeast Missouri State,Redhawks,21,SEMS,southeastmissouristate,Cape Girardeau,MO,23,1,#CE1126,0,37.31,-89.55,1
265,Tennessee Martin,Skyhawks,19,TNMAR,tennesseemartin,Martin,TN,23,1,#000099,0,36.34,-88.85,1
266,Tennessee State,Tigers,34,TN ST,tennesseestate,Nashville,TN,23,1,#21398C,0,36.15,-86.76,1
267,Tennessee Tech,Golden Eagles,32,TN TC,tennesseetech,Cookeville,TN,23,1,#440E62,0,36.16,-85.5,1
268,Arizona,Wildcats,86,ARIZ,arizona,Tucson,AZ,24,1,#102142,11,32.21,-110.92,1
269,Arizona State,Sun Devils,68,AZ ST,arizonastate,Tempe,AZ,24,1,#8E0C3A,0,33.39,-111.93,1
270,California,Golden Bears,81,CAL,california,Berkeley,CA,24,1,#002942,0,37.87,-122.27,1
271,Colorado,Buffaloes,72,COLO,colorado,Boulder,CO,24,1,#000200,0,40.02,-105.26,1
272,Oregon,Ducks,75,ORE,oregon,Eugene,OR,24,1,#044520,0,44.06,-123.11,1
273,Oregon State,Beavers,58,OR ST,oregonstate,Corvallis,OR,24,1,#D85A1A,0,44.57,-123.28,1
274,Southern California,Trojans,72,USC,southerncalifornia,Los Angeles,CA,24,1,#A50010,0,34.09,-118.38,1
275,Stanford,Cardinal,80,STAN,stanford,Stanford,CA,24,1,#990000,0,37.42,-122.17,1
276,UCLA,Bruins,84,UCLA,ucla,Los Angeles,CA,24,1,#2D7BC6,0,34.09,-118.38,1
277,Utah,Utes,58,UTAH,utah,Salt Lake City,UT,24,1,#CE4242,0,40.75,-111.89,1
278,Washington,Huskies,85,WASH,washington,Seattle,WA,24,1,#3E3468,0,47.63,-122.33,1
279,Washington State,Cougars,75,WSU,washingtonstate,Pullman,WA,24,1,#A32638,0,46.73,-117.17,1
280,American,Eagles,40,AMER,american,Washington,DC,25,1,#353C91,0,38.91,-77.01,1
281,Army,Black Knights,23,ARMY,army,West Point,NY,25,1,#CE9C00,0,41.37,-74.04,1
282,Boston University,Terriers,48,BU,bostonu,Boston,MA,25,1,#CC0000,0,42.32,-71.09,1
283,Bucknell,Bison,56,BUCK,bucknell,Lewisburg,PA,25,1,#000060,0,40.96,-76.89,1
284,Colgate,Raiders,19,COLG,colgate,Hamilton,NY,25,1,#910028,0,42.83,-75.54,1
285,Holy Cross,Crusaders,42,HC,holycross,Worcester,MA,25,1,#0A0A0A,0,42.27,-71.8,1
286,Lafayette,Leopards,30,LAF,lafayette,Easton,PA,25,1,#8C2633,0,40.69,-75.22,1
287,Lehigh,Mountain Hawks,49,LEH,lehigh,Bethlehem,PA,25,1,#884818,0,40.63,-75.38,1
288,Loyola Maryland,Greyhounds,45,LOYMD,loyolamaryland,Baltimore,MD,25,1,#3F8379,0,39.31,-76.62,1
289,Navy,Midshipmen,20,NAVY,navy,Annapolis,MD,25,1,#0F1021,0,38.97,-76.5,1
290,Alabama,Crimson Tide,81,BAMA,alabama,Tuscaloosa,AL,26,1,#A42D47,0,33.21,-87.53,1
291,Arkansas,Razorbacks,72,ARK,arkansas,Fayetteville,AR,26,1,#9C1831,0,36.08,-94.16,1
292,Auburn,Tigers,61,AUB,auburn,Auburn,AL,26,1,#002649,0,32.6,-85.48,1
293,Florida,Gators,92,UF,florida,Gainesville,FL,26,1,#2A42CE,0,29.67,-82.34,1
294,Georgia,Bulldogs,68,UGA,georgia,Athens,GA,26,1,#D60022,0,33.96,-83.38,1
295,Kentucky,Wildcats,92,KY,kentucky,Lexington,KY,26,1,#015DAB,0,38.03,-84.49,1
296,Louisiana State,Tigers,65,LSU,louisianastate,Baton Rouge,LA,26,1,#4E1E8A,0,30.46,-91.14,1
297,Mississippi,Rebels,77,MISS,mississippi,Oxford,MS,26,1,#101894,0,34.36,-89.53,1
298,Mississippi State,Bulldogs,69,MS ST,mississippistate,Starkville,MS,26,1,#531122,0,33.46,-88.82,1
299,Missouri,Tigers,86,MIZZ,missouri,Columbia,MO,26,1,#232323,0,38.95,-92.33,1
300,South Carolina,Gamecocks,64,S CAR,southcarolina,Columbia,SC,26,1,#98012D,0,34.02,-81.01,1
301,Tennessee,Volunteers,81,TENN,tennessee,Knoxville,TN,26,1,#EE9627,0,35.97,-83.94,1
302,Texas A&M,Aggies,80,TX AM,texasam,College Station,TX,26,1,#500000,0,30.6,-96.31,1
303,Vanderbilt,Commodores,81,VANDY,vanderbilt,Nashville,TN,26,1,#997F3D,0,36.15,-86.76,1
304,Appalachian State,Mountaineers,39,APP,appalachianstate,Boone,NC,27,1,#FCD116,0,36.21,-81.67,1
305,Chattanooga,Mocs,30,CHAT,chattanooga,Chattanooga,TN,27,1,#253B81,0,35.05,-85.27,1
306,Davidson,Wildcats,68,DAV,davidson,Davidson,NC,27,2,#E71A39,0,35.49,-80.83,1
307,Elon,Phoenix,31,ELON,elon,Elon,NC,27,1,#020303,0,36.1,-79.51,1
308,Furman,Paladins,28,FUR,furman,Greenville,SC,27,2,#4A2184,0,34.84,-82.39,1
309,Georgia Southern,Eagles,27,GA SO,georgiasouthern,Statesboro,GA,27,2,#0A3861,0,32.45,-81.78,1
310,Samford,Bulldogs,24,SAM,samford,Birmingham,AL,27,1,#00295C,0,33.52,-86.81,1
311,The Citadel,Bulldogs,20,CIT,thecitadel,Charleston,SC,27,2,#0000FF,0,32.79,-79.99,1
312,UNC Greensboro,Spartans,29,UNCG,uncgreensboro,Greensboro,NC,27,1,#21467B,0,36.08,-79.82,1
313,Western Carolina,Catamounts,35,WCU,westerncarolina,Cullowhee,NC,27,1,#6E268B,0,35.31,-83.18,1
314,Wofford,Terriers,43,WOFF,wofford,Spartanburg,SC,27,2,#CFB53B,0,34.95,-81.93,1
315,Central Arkansas,Bears,13,UCA,centralarkansas,Conway,AR,28,1,#4D2585,0,35.09,-92.44,1
316,Houston Baptist,Huskies,7,HBU,houstonbaptist,Houston,TX,28,1,#CE4122,0,29.76,-95.36,1
317,Incarnate Word,Cardinals,0,UIW,incarnateword,San Antonio,TX,28,1,#FC0000,0,29.47,-98.47,1
318,Lamar,Cardinals,33,LAMAR,lamar,Beaumont,TX,28,1,#EB0E19,0,30.08,-94.13,1
319,McNeese State,Cowboys,28,MCNST,mcneesestate,Lake Charles,LA,28,1,#004E7F,0,30.21,-93.21,1
320,New Orleans,Privateers,15,UNO,neworleans,New Orleans,LA,28,1,#1A275B,0,29.97,-90.06,1
321,Nicholls State,Colonels,23,NICH,nichollsstate,Thibodaux,LA,28,1,#AF1E2D,0,29.79,-90.82,1
322,Northwestern State,Demons,35,NW ST,northwesternstate,Natchitoches,LA,28,1,#4A2F8E,0,31.75,-93.1,1
323,Oral Roberts,Golden Eagles,63,ORU,oralroberts,Tulsa,OK,28,1,#002955,0,36.13,-95.94,1
324,Sam Houston State,Bearkats,44,SHSU,samhouston,Huntsville,TX,28,1,#011F9D,0,30.71,-95.55,1
325,Southeastern Louisiana,Lions,30,SE LA,southeasternlouisiana,Hammond,LA,28,1,#205228,0,30.5,-90.47,1
326,Stephen F. Austin,Lumberjacks,56,SFA,stephenfaustin,Nacogdoches,TX,28,1,#230D3C,0,31.61,-94.65,1
327,Texas A&M Corpus Christi,Islanders,30,TAMCC,texasamcorpuschristi,Corpus Christi,TX,28,1,#00639C,0,27.74,-97.4,1
328,Alabama A&M,Bulldogs,9,AAMU,alabamaam,Huntsville,AL,29,1,#790000,0,34.71,-86.6,1
329,Alabama State,Hornets,17,AL ST,alabamastate,Montgomery,AL,29,1,#EE9D11,0,32.36,-86.28,1
330,Alcorn State,Braves,7,ALC,alcornstate,Lorman,MS,29,1,#4D3069,0,31.82,-91.19,1
331,Arkansas Pine Bluff,Golden Lions,13,UAPB,arkansaspinebluff,Pine Bluff,AR,29,1,#FFBD24,0,34.22,-92.02,1
332,Grambling State,Tigers,5,GRAMB,grambling,Grambling,LA,29,1,#EE8601,0,32.53,-92.71,1
333,Jackson State,Tigers,16,JSU,jacksonstate,Jackson,MS,29,1,#123297,0,32.32,-90.2,1
334,Mississippi Valley State,Delta Devils,14,MVSU,mississippivalleystate,Itta Bena,MS,29,1,#054105,0,33.5,-90.32,1
335,Prairie View A&M,Panthers,9,PVAM,prairieviewam,Prairie View,TX,29,1,#4D0960,0,30.08,-95.99,1
336,Southern,Jaguars,18,STHN,southern,Baton Rouge,LA,29,1,#291B4C,0,30.46,-91.14,1
337,Texas Southern,Tigers,22,TX SO,texassouthern,Houston,TX,29,1,#680100,0,29.76,-95.38,1
338,Arkansas Little Rock,Trojans,38,UALR,arkansaslittlerock,Little Rock,AR,30,2,#993333,0,34.74,-92.33,1
339,Arkansas State,Red Wolves,42,ARKST,arkansasstate,Jonesboro,AR,30,2,#E81018,0,35.83,-90.69,1
340,Georgia State,Panthers,43,GA ST,georgiastate,Atlanta,GA,30,1,#015DAB,0,33.76,-84.4,1
341,Louisiana Lafayette,Ragin' Cajuns,37,ULL,louisianalafayette,Lafayette,LA,30,2,#CE2842,0,30.21,-92.03,1
342,Louisiana Monroe,Warhawks,17,ULM,louisianamonroe,Monroe,LA,30,2,#800000,0,32.51,-92.09,1
343,South Alabama,Jaguars,41,USA,southalabama,Mobile,AL,30,1,#004A7B,0,30.68,-88.1,1
344,Texas Arlington,Mavericks,43,UTA,texasarlington,Arlington,TX,30,2,#004B7C,0,32.71,-97.12,1
345,Texas State,Bobcats,26,TX ST,texasstate,San Marcos,TX,30,1,#570318,0,29.88,-97.94,1
346,Troy,Trojans,31,TROY,troy,Troy,AL,30,1,#A80532,0,31.8,-85.97,1
347,Western Kentucky,Hilltoppers,54,WKU,westernkentucky,Bowling Green,KY,30,1,#E51636,0,36.98,-86.44,1
348,Brigham Young,Cougars,84,BYU,brighamyoung,Provo,UT,31,1,#002942,0,40.24,-111.66,1
349,Gonzaga,Bulldogs,89,GONZ,gonzaga,Spokane,WA,31,1,#002967,0,47.67,-117.41,1
350,Loyola Marymount,Lions,36,LMU,loyolamarymount,Los Angeles,CA,31,1,#880029,0,34.09,-118.38,1
351,Pacific,Tigers,53,PAC,pacific,Stockton,CA,31,1,#FF5109,0,37.98,-121.3,1
352,Pepperdine,Waves,30,PEPP,pepperdine,Malibu,CA,31,1,#2B6396,0,34.03,-118.78,1
353,Portland,Pilots,42,PORT,portland,Portland,OR,31,1,#25205E,0,45.52,-122.64,1
354,Saint Mary's,Gaels,82,MARYS,saintmarys,Moraga,CA,31,1,#D80024,0,37.84,-122.12,1
355,San Diego,Toreros,43,SD,sandiego,San Diego,CA,31,1,#002868,0,32.78,-117.15,1
356,San Francisco,Dons,49,SF,sanfrancisco,San Francisco,CA,31,1,#00543D,0,37.76,-122.44,1
357,Santa Clara,Broncos,53,CLARA,santaclara,Santa Clara,CA,31,1,#690B0B,0,37.35,-121.97,1
358,Cal State Bakersfield,Roadrunners,18,CSB,calbakersfield,Bakersfield,CA,32,1,#004A84,0,35.37,-119.02,1
359,Chicago State,Cougars,16,CHIST,chicagostate,Chicago,IL,32,1,#006700,0,41.84,-87.68,1
360,Grand Canyon,Antelopes,0,GCU,grandcanyon,Phoenix,AZ,32,1,#492F92,0,33.48,-112.14,1
361,New Mexico State,Aggies,64,NMSU,newmexicostate,Las Cruces,NM,32,1,#730000,0,32.32,-106.77,1
362,Seattle,Redhawks,21,SEA,seattleu,Seattle,WA,32,1,#A42822,0,47.61,-122.33,1
363,Texas Pan American,Broncs,13,UTPA,texaspanamerican,Edinburg,TX,32,1,#DC6000,0,26.3,-98.16,1
364,UMKC,Kangaroos,22,UMKC,umkc,Kansas City,MO,32,1,#004A8B,0,39.08,-94.56,1
365,Utah Valley,Wolverines,30,UVU,utahvalley,Orem,UT,32,1,#004812,0,40.3,-111.69,1
366,DePaul,Blue Demons,57,DEP,depaul,Chicago,IL,33,1,#2D649C,0,41.84,-87.68,1
367,Georgetown,Hoyas,90,GTOWN,georgetown,Washington,DC,33,1,#4B4B7C,0,38.91,-77.01,1
368,Marquette,Golden Eagles,88,MARQ,marquette,Milwaukee,WI,33,1,#083963,0,43.05,-87.96,1
369,Providence,Friars,73,PROV,providence,Providence,RI,33,1,#6C6468,0,41.82,-71.42,1
370,Seton Hall,Pirates,75,HALL,setonhall,South Orange,NJ,33,1,#3142AD,0,40.75,-74.26,1
371,St. John's,Red Storm,68,JOHNS,stjohns,New York,NY,33,1,#E24552,0,40.7,-73.92,1
372,Villanova,Wildcats,86,NOVA,villanova,Villanova,PA,33,1,#002868,0,40.04,-75.35,1
373,Cal Poly Pomona,Broncos,70,CPP  ,CPP,Pomona,CA,34,1,#008040,0,34.05483,-117.750034,1
374,Cal State Dominquez Hills,Toros,59,CSDH ,CSDH,Carson,CA,34,1,#800000,0,33.83161,-118.262119,1
375,Cal State East Bay,Pioneers,44,CSEB ,CSEB,Hayward,CA,34,1,#FF4848,0,37.671197,-122.086137,1
376,Cal State Los Angeles,Golden Eagles,48,CSLA ,CSLA,Los Angeles,CA,34,1,#D2D200,0,34.05349,-118.245319,1
377,Cal State Monterey Bay,Otters,43,CSMB ,CSMB,Seaside,CA,34,1,#004080,0,36.603883,-121.852664,1
378,Cal State San Bernardino,Coyotes,74,CSSB ,CSSB,San Bernardino,CA,34,1,#0080C0,0,34.105245,-117.294124,1
379,Cal State Stanislaus,Warriors,33,CSST ,CSST,Turlock,CA,34,1,#EC0000,0,37.495015,-120.846419,1
380,Chico State,Wildcats,35,CHST ,CHST,Chico,CA,34,1,#C60063,0,39.73201,-121.841985,1
381,Humboldt State,Jacks,73,HST  ,HST,La Jolla,CA,34,1,#008040,0,32.842592,-117.272276,1
382,San Francisco State,Gators,47,SFST ,SFST,San Francisco,CA,34,1,#008000,0,37.777125,-122.419644,1
383,Sonoma State,Seawolves,45,SSU  ,SSU,Ronhert Park,CA,34,1,#004080,0,50.62368,-99.969414,1
384,UC San Diego,Tritons,50,UCSD ,UCSD,San Diego,CA,34,1,#0000A0,0,32.715695,-117.161719,1
385,Bloomfield,Deacons,59,BC   ,BC,Bloomfield,NJ,35,1,#000000,0,40.791907,-74.195733,1
386,Caldwell,Cougars,41,CC   ,CC,Caldwell,NJ,35,1,#CE0000,0,40.841437,-74.276645,1
387,Chestnut Hill,Griffins,38,CHC  ,CHC,Philadelphia,PA,35,2,#800000,0,39.95227,-75.162369,1
388,Concordia (NY),Clippers,31,CNY  ,CNY,Bronxville,NY,35,1,#0000FF,0,40.936062,-73.831224,1
389,Dominican (NY),Chargers,43,DNY  ,DNY,Orangeburg,NY,35,1,#804040,0,41.05383,-73.946683,1
390,Felician,Golden Falcons,54,FC   ,FC,Lodi,NJ,35,1,#408080,0,40.877257,-74.085451,1
391,Goldey-Beacom,Lightning,56,GBC  ,GBC,Wilmington,DE,35,2,#000080,0,39.740235,-75.550844,1
392,Holy Family,Tigers,45,HFU  ,HFU,Philadelphia,PA,35,2,#0080C0,0,39.95227,-75.162369,1
393,Nyack,Warriors,39,NC   ,NC,Nyack,NY,35,1,#000080,0,41.09127,-73.918159,1
394,Philadelphia,Rams,72,PHIU ,PHIU,Philadelphia,PA,35,2,#800040,0,39.95227,-75.162369,1
395,Post,Eagles,53,POST ,POST,Waterbury,CT,35,1,#008040,0,41.554077,-73.046179,1
396,USP,Devils,37,USP  ,USP,Philadelphia,PA,35,2,#B00058,0,39.95227,-75.162369,1
397,Wilmington,Wildcats,26,WC   ,WC,New Castle,DE,35,2,#008040,0,39.65977,-75.563939,1
398,Bowie State,Bulldogs,63,BWSU ,BWSU,Bowie,MD,36,1,#000000,0,38.96097,-76.740474,1
399,Chowan,Hawks,53,CHOW ,CHOW,Murfreesboro,NC,36,1,#0080C0,0,36.442363,-77.098209,1
400,Elizabeth City,Vikings,63,ECSU ,ECSU,Elizabeth City,NC,36,1,#004080,0,36.301505,-76.219759,1
401,Fayetteville State,Broncos,45,FSU  ,FSU,Fayetteville,NC,36,2,#0080FF,0,35.054495,-78.877579,1
402,Johnson C. Smith,Golden Bulls,68,JSCU ,JSCU,Charlotte,NC,36,2,#000000,0,35.2225,-80.837539,1
403,Lincoln (PA),Lions,34,LUPA ,LUPA,Lincoln University,PA,36,1,#0000A0,0,39.782501,-75.875801,1
404,Livingstone,Blue Bears,43,LC   ,LC,Salisbury,NC,36,2,#8080FF,0,35.666934,-80.469354,1
405,Saint Augustine's,Falcons,70,SAC  ,SAC,Raleigh,NC,36,2,#004080,0,35.78551,-78.642669,1
406,Saint Paul's,Tigers,29,SPC  ,SPC,Lawrenceville,VA,36,1,#000000,0,36.761678,-77.845048,1
407,Shaw,Bears,32,SHAW ,SHAW,Raleigh,NC,36,2,#AE0000,0,35.78551,-78.642669,1
408,Virginia State,Trojans,45,VSU  ,VSU,Petersburg,VA,36,1,#400040,0,37.228155,-77.403479,1
409,Virginia Union,Panthers,74,VUU  ,VUU,Richmond,VA,36,1,#800040,0,37.5407,-77.433654,1
410,Winston-Salem State,Rams,50,WSSU ,WSSU,Winston-Salem,NC,36,2,#FF0000,0,36.099625,-80.241094,1
411,Barton,Bulldogs,71,BART ,BART,Wilson,NC,37,1,#004080,0,35.721714,-77.916158,1
412,Belmont Abbey,Crusaders,52,BAC  ,BAC,Belmont,NC,37,1,#800000,0,35.244203,-81.038028,1
413,Coker,Cobras,38,COKE ,COKE,Hartsville,SC,37,1,#004080,0,34.375025,-80.07375,1
414,Erskine,Flying Fleet,38,ERSK ,ERSK,Due West,SC,37,1,#BF6000,0,34.333225,-82.388674,1
415,Lees-McRae,Bobcats,15,LMC  ,LMC,Banner Elk,NC,37,1,#004040,0,36.16324,-81.872079,1
416,Limestone,Saints,53,LIME ,LIME,Gaffney,SC,37,1,#004080,0,35.073624,-81.648667,1
417,Mount Olive,Trojans,74,MOC  ,MOC,Mount Olive,NC,37,1,#004000,0,35.197565,-78.069204,1
418,Pfeiffer,Falcons,64,PFEI ,PFEI,Misenheimer,NC,37,1,#D4A017,0,35.484638,-80.286949,1
419,Queens (NC),Royals,52,QNC  ,QNC,Charlotte,NC,37,1,#000080,0,35.2225,-80.837539,1
420,Saint Andrews,Knights,28,SAPC ,SAPC,Laurinburg,NC,37,1,#400080,0,34.774342,-79.463368,1
421,Bridgeport,Purple Knights,66,UB   ,UB,Bridgeport,CT,38,1,#400080,0,41.18188,-73.191269,1
422,C.W. Post,Pioneers,81,CWP  ,CWP,Brookeville,NY,38,1,#004000,0,40.799876,-73.561546,1
423,Dowling,Golden Lions,32,DC   ,DC,Oakdale,NY,38,1,#004080,0,40.742696,-73.132855,1
424,Mercy,Mavericks,13,MC   ,MC,Dobbs Ferry,NY,38,1,#004080,0,41.01519,-73.874889,1
425,Molloy,Lions,38,MOLL ,MOLL,Rockville Centre,NY,38,1,#800040,0,40.65931,-73.645469,1
426,New York Tech,Bears,55,NYIT ,NYIT,Old Westbury,NY,38,1,#804000,0,40.781238,-73.600305,1
427,Queens (NY),Knights,41,QNY  ,QNY,Flushing,NY,38,1,#000040,0,40.763585,-73.830029,1
428,Saint Thomas Aquinas,Spartans,40,STAC ,STAC,Sparkill,NY,38,1,#804040,0,41.026008,-73.926533,1
429,Ashland,Eagles,47,ASH  ,ASH,Ashland,OH,39,2,#800080,0,40.86865,-82.315344,1
430,Ferris State,Bulldogs,44,FEST ,FEST,Big Rapids,MI,39,1,#804040,0,43.69832,-85.480829,1
431,Findlay,Oilers,89,FIND ,FIND,Findlay,OH,39,2,#FF8000,0,41.0374,-83.650288,1
432,Grand Valley State,Lakers,81,GVSU ,GVSU,Allendale,MI,39,1,#0080C0,0,42.972235,-85.943159,1
433,Hillsdale,Chargers,55,HILL ,HILL,Hillsdale,MI,39,2,#000080,0,41.922915,-84.631842,1
434,Lake Erie,Storm,56,LEC  ,LEC,Painesville,OH,39,2,#000000,0,41.724205,-81.245244,1
435,Lake Superior,Lakers,50,LSSU ,LSSU,Sault Ste. Marie,MI,39,1,#8000FF,0,46.49231,-84.351719,1
436,Michigan Tech,Huskies,44,MTU  ,MTU,Houghton,MI,39,1,#FFFF80,0,47.12186,-88.570024,1
437,Northern Michigan,Wildcats,43,NMU  ,NMU,Marquette,MI,39,1,#000000,0,46.54584,-87.413684,1
438,Northwood,Timberwolves,42,NWD  ,NWD,Midland,MI,39,1,#0000A0,0,43.61708,-84.245059,1
439,Ohio Dominican,Panthers,33,ODU  ,ODU,Columbus,OH,39,2,#D2D200,0,39.96196,-83.002984,1
440,Saginaw Valley,Cardinal,46,SVSU ,SVSU,University City,MI,39,1,#CE0000,0,38.656471,-90.310158,1
441,Tiffin,Dragons,11,TIFF ,TIFF,Tiffin,OH,39,2,#008040,0,41.115224,-83.176669,1
442,Wayne State,Warriors,46,WSU  ,WSU,Detroit,MI,39,2,#D4A017,0,42.331685,-83.047924,1
443,Bellarmine,Knights,65,BELL ,BELL,Louisville,KY,40,1,#800040,0,38.25486,-85.766404,1
444,Drury,Panthers,69,DRUR ,DRUR,Springfield,MO,40,1,#AA5555,0,37.208975,-93.291564,1
445,Illinois-Springfield,Prairie Stars,46,UIS  ,UIS,Springfield,IL,40,1,#0000FF,0,39.801055,-89.643604,1
446,Indianapolis,Greyhounds,44,UIND ,UIND,Indianapolis,IN,40,1,#800040,0,39.76691,-86.149964,1
447,Kentucky Wesleyan,Panthers,70,KWC  ,KWC,Owensboro,KY,99,1,#8000FF,0,37.77421,-87.113509,1
448,Lewis,Flyers,59,LEW  ,LEW,Romeoville,IL,40,1,#FF0000,0,41.64444,-88.082024,1
449,Maryville,Saints,35,MARY ,MARY,St. Louis,MO,40,1,#C84040,0,38.62774,-90.199514,1
450,Missouri S&T,Miners,24,MS&T ,MS&T,Rolla,MO,40,1,#008000,0,37.951449,-91.767439,1
451,Missouri-St. Louis,Tritons,41,UMSL ,UMSL,St. Louis,MO,40,1,#CE0000,0,38.62774,-90.199514,1
452,Quincy,Hawks,63,QILL ,QILL,Quincy,IL,40,1,#804000,0,39.935599,-91.395829,1
453,Rockhurst,Hawks,54,ROCK ,ROCK,Kansas City,MO,40,1,#0000FF,0,39.10296,-94.583062,1
454,Southern Indiana,Screaming Eagles,77,USI  ,USI,Evansville,IN,40,1,#0000FF,0,37.976911,-87.564125,1
455,St. Joseph's,Pumas,58,SJC  ,SJC,Rensselaer,IN,40,1,#800040,0,40.936125,-87.150354,1
456,Wisconsin-Parkside,Rangers,45,UWP  ,UWP,Kenosha,WI,40,1,#004000,0,42.588075,-87.823654,1
457,Alaska-Anchorage,Seawolves,67,AKA  ,AKA,Anchorage,AK,41,1,#004000,0,61.21759,-149.858354,1
458,Alaska-Fairbanks,Nooks,35,AKF  ,AKF,Fairbanks,AK,41,1,#0079F2,0,64.845085,-147.722059,1
459,Central Washington,Wildcats,65,CWU  ,CWU,Ellensburg,WA,41,1,#800000,0,46.99704,-120.54872,1
460,Montana State-Billings,Jackets,30,MSUB ,MSUB,Billings,MT,41,1,#D4A017,0,45.783975,-108.505794,1
461,Northwest Nazarene,Crusaders,52,NNU  ,NNU,Nampa,ID,41,1,#C64054,0,43.582635,-116.569624,1
462,Seattle Pacific,Falcons,70,SPU  ,SPU,Seattle,WA,41,1,#9F0050,0,47.60356,-122.329439,1
463,St. Martin's,Saints,53,SMU  ,SMU,Lacey,WA,41,1,#FF0000,0,47.044445,-122.823189,1
464,Western Oregon,Wolves,44,WOU  ,WOU,Monmouth,OR,41,1,#CE0000,0,44.84856,-123.236254,1
465,Western Washington,Vikings,65,WWU  ,WWU,Bellingham,WA,41,1,#000040,0,48.75235,-122.471219,1
466,Alabama-Huntsville,Chargers,62,UAH  ,UAH,Huntsville,AL,42,1,#0000A0,0,34.729135,-86.584979,1
467,Arkansas Tech,Wonder Boys,64,ARTU ,ARTU,Russellville,AR,42,2,#004000,0,35.27827,-93.134825,1
468,Arkansas-Monticello,Weevils,55,UAM  ,UAM,Monticello,AR,42,2,#00AA00,0,33.62778,-91.790974,1
469,Christian Brothers,Bucs,71,CBU  ,CBU,Memphis,TN,42,1,#000000,0,35.14968,-90.048929,1
470,Delta State,Statesmen,65,DSU  ,DSU,Cleveland,MS,42,2,#00FF00,0,33.747525,-90.717024,1
471,Harding,Bisons,58,HARD ,HARD,Searcy,AR,42,2,#808040,0,35.25082,-91.740154,1
472,Henderson State,Reddies,35,HSU  ,HSU,Arkadelphia,AR,42,2,#CE0000,0,34.12097,-93.054129,1
473,North Alabama,Lions,60,UNAL ,UNAL,Florence,AL,42,1,#400040,0,34.800465,-87.675254,1
474,Ouachita Baptist,Tigers,49,OBU  ,OBU,Arkadelphia,AR,42,2,#800080,0,34.12097,-93.054129,1
475,Southern Arkansas,Muleriders,40,SAU  ,SAU,Magnolia,AR,42,2,#D4A017,0,33.267485,-93.240879,1
476,Valdosta State,Blazers,74,VAST ,VAST,Valdosta,GA,42,1,#CE0000,0,30.834729,-83.280929,1
477,West Alabama,Tigers,42,UWAL ,UWAL,Livingston,AL,42,1,#000000,0,32.583785,-88.186874,1
478,West Florida,Argonauts,45,UWF  ,UWF,Boca Raton,FL,42,1,#004080,0,26.35049,-80.089004,1
479,West Georgia,Wolves,45,UWG  ,UWG,Carrollton,GA,42,1,#004080,0,33.580994,-85.078441,1
480,Arkansas-Fort Smith,Lions,33,UAFS ,UAFS,Fort Smith,AR,43,1,#004080,0,35.3846,-94.421299,1
481,Dallas Baptist,Patriots,56,DBU  ,DBU,Dallas,TX,43,1,#CE0000,0,32.778155,-96.795404,1
482,Newman,Jets,53,NEWM ,NEWM,Wichita,KS,43,1,#0000A0,0,37.68698,-97.335579,1
483,Oklahoma Panhandle State,Aggies,29,OPSU ,OPSU,Goodwell,OK,43,1,#004080,0,36.59137,-101.629314,1
484,Saint Edward's,Hilltoppers,66,SEU  ,SEU,Austin,TX,43,1,#D4A017,0,30.267605,-97.742984,1
485,Saint Mary's,Rattlers,58,STMU ,STMU,San Antonio,TX,43,1,#0000FF,0,29.42449,-98.494624,1
486,Texas A&M International,Dustdevils,40,TAMI ,TAMI,Laredo,TX,43,1,#A40000,0,27.53092,-99.502009,1
487,Texas-Permian Basin,Falcons,29,UTPB ,UTPB,Odessa,TX,43,1,#FF8040,0,31.84915,-102.375189,1
488,Abilene Christian,Wildcats,44,ACU  ,ACU,Abilene,TX,44,1,#400080,0,32.449175,-99.741424,1
489,Angelo State,Rams,57,ANGS ,ANGS,San Angelo,TX,44,1,#000080,0,31.4615,-100.442424,1
490,Cameron,Aggies,39,CU   ,CU,Lawton,OK,44,1,#000000,0,34.605185,-98.389919,1
491,Central Oklahoma,Bronchos,74,UCO  ,UCO,Edmond,OK,44,1,#004080,0,35.654905,-97.478129,1
492,East Central,Tigers,34,ECU  ,ECU,Ada,OK,44,1,#FF8000,0,34.77507,-96.678689,1
493,Eastern New Mexico,Greyhounds,30,ENMU ,ENMU,Portales,NM,44,1,#008000,0,34.18431,-103.339604,1
494,Midwestern State,Mustangs,76,MWSU ,MWSU,Wichita Falls,TX,44,1,#804040,0,33.90831,-98.500994,1
495,Northeastern State,Riverhawks,50,NSOK ,NSOK,Tahlequah,OK,44,1,#004040,0,35.91136,-94.972649,1
496,Southeastern Oklahoma,Savage Storm,40,SEOK ,SEOK,Durant,OK,44,1,#400080,0,33.993208,-96.386024,1
497,Southwestern Oklahoma,Bulldogs,61,SWOSU,SWOSU,Weatherford,OK,44,1,#004080,0,35.52608,-98.707034,1
498,Tarleton State,Texans,71,TSU  ,TSU,Stephenville,TX,44,1,#8000FF,0,32.22032,-98.201954,1
499,Texas A&M - Commerce,Lions,56,TAMC ,TAMC,Commerce,TX,44,1,#0000A0,0,33.25044,-95.898194,1
500,Texas A&M - Kingsville,Javelinas,60,TAMK ,TAMK,Kingsville,TX,44,1,#0080C0,0,27.515735,-97.855429,1
501,West Texas A&M,Buffs,62,WTAM ,WTAM,Canyon,TX,44,1,#800040,0,34.985605,-101.936274,1
502,Central Missouri,Mules,82,UCMO ,UCMO,Warrensburg,MO,45,1,#FF0000,0,38.771224,-93.741149,1
503,Emporia State,Hornets,58,EMPS ,EMPS,Emporia,KS,45,1,#F4F400,0,38.405605,-96.180154,1
504,Fort Hays,Tigers,64,FHSU ,FHSU,Hays,KS,45,1,#000000,0,38.87094,-99.332239,1
505,Lincoln (MO),Blue Tigers,22,LUMO ,LUMO,Jefferson City,MO,45,1,#004080,0,38.577515,-92.177839,1
506,Missouri Southern,Tigers,55,MSSU ,MSSU,Joplin,MO,45,1,#008040,0,37.084761,-94.513469,1
507,Missouri Western,Griffons,46,MOWS ,MOWS,St. Joseph,MO,45,1,#000000,0,39.7666,-94.856074,1
508,Northwest Missouri,Bearcats,62,NWMO ,NWMO,Maryville,MO,45,1,#004000,0,40.347457,-94.872909,1
509,Pittsburg State,Gorillas,49,PITT ,PITT,Pittsburg,KS,45,1,#804040,0,37.410595,-94.704804,1
510,Southwest Baptist,Bearcats,70,SBU  ,SBU,Bolivar,MO,45,1,#8000FF,0,37.614369,-93.411904,1
511,Truman,Bulldogs,29,TRUM ,TRUM,Kirksville,MO,45,1,#800080,0,40.19426,-92.571994,1
512,Washburn,Ichabods,50,WASH ,WASH,Topeka,KS,45,1,#0000A0,0,39.049285,-95.671184,1
513,Adelphi,Panthers,65,ADEL ,ADEL,Garden City,NY,46,1,#D4A017,0,40.72605,-73.636909,1
514,Assumption,Greyhounds,57,AC   ,AC,Worcester,MA,46,1,#C0C0C0,0,42.26299,-71.802354,1
515,Bentley,Falcons,88,BENT ,BENT,Waltham,MA,46,1,#0000A0,0,42.37644,-71.235324,1
516,Franklin Pierce,Ravens,42,FPC  ,FPC,Rindge,NH,46,1,#A80000,0,42.755298,-72.005812,1
517,Le Moyne,Dolphins,57,LMC  ,LMC,Syracuse,NY,46,1,#004000,0,43.04999,-76.147389,1
518,Massachusetts-Lowell,River Hawks,53,UML  ,UML,Lowell,MA,46,1,#004080,0,42.64589,-71.312844,1
519,Merrimack,Warriors,57,MERM ,MERM,North Andover,MA,46,1,#000080,0,42.703095,-71.13124,1
520,New Haven,Chargers,30,UNH  ,UNH,West Haven,CT,46,1,#004080,0,41.271948,-72.950717,1
521,Pace,Setters,45,PACE ,PACE,New York,NY,46,1,#000080,0,40.71455,-74.007124,1
522,Saint Anselm,Hawks,56,SAC  ,SAC,Manchester,NH,46,1,#0080C0,0,42.991175,-71.463089,1
523,Saint Michael's,Purple Knights,41,STMC ,STMC,Colchester,CT,46,1,#008080,0,41.574464,-72.328583,1
524,Saint Rose,Golden Knights,61,ROSE ,ROSE,Albany,NY,46,1,#000000,0,42.651445,-73.755254,1
525,Southern Connecticut Stat,Owls,17,SCSU ,SCSU,New Haven,CT,46,1,#004080,0,41.30713,-72.924979,1
526,Southern New Hampshire,Penmen,45,SNHU ,SNHU,Manchester,NH,46,1,#CE0000,0,42.991175,-71.463089,1
527,Stonehill,Skyhawks,66,SHC  ,SHC,Easton,MA,46,1,#400080,0,42.07473,-71.088847,1
528,Augustana,Vikings,69,AUG  ,AUG,Sioux Falls,SD,47,1,#004080,0,43.54535,-96.731284,1
529,Bemidji State,Beavers,28,BEM  ,BEM,Bemidji,MN,47,1,#008080,0,47.473145,-94.879649,1
530,Concordia-St. Paul,Golden Bears,56,CUSP ,CUSP,St. Paul,MN,47,1,#400040,0,44.943829,-93.093326,1
531,Mary,Marauders,35,MARY ,MARY,Bismark,ND,47,1,#000000,0,46.805371,-100.779319,1
532,Minnesota State,Mavericks,78,MNST ,MNST,Mankato,MN,47,1,#800080,0,44.167404,-94.002416,1
533,Minnesota-Crookston,Golden Eagles,17,UMNC ,UMNC,Crookston,MN,47,1,#D4A017,0,47.77423,-96.606454,1
534,Minnesota-Duluth,Bulldogs,45,UMND ,UMND,Duluth,MN,47,1,#000000,0,46.787965,-92.099849,1
535,MSU Moorehead,Dragons,43,MSUM ,MSUM,South Moorhead,MN,47,1,#FF0000,0,46.875045,-96.771664,1
536,Northern State,Wolves,69,NSU  ,NSU,Aberdeen,SD,47,1,#800000,0,45.45909,-98.487324,1
537,Southwest Minnesota,Mustangs,67,SWMN ,SWMN,Marshall,MN,47,1,#6A3500,0,44.44901,-95.791673,1
538,St. Cloud,Huskies,70,MNSC ,MNSC,St. Cloud,MN,47,1,#9F0000,0,45.56586,-94.197519,1
539,Upper Iowa,Peacocks,26,UIU  ,UIU,Fayette,IA,47,1,#003F7D,0,42.842065,-91.801494,1
540,Wayne State (NE),Wildcats,50,WSC  ,WSC,Wayne,NE,47,1,#000000,0,42.23083,-97.017809,1
541,Winona State,Warriors,85,WNST ,WNST,Winona,MN,47,1,#000080,0,44.051295,-91.638594,1
542,Academy of Art,Urban Knights,8,AAU  ,AAU,San Francisco,CA,48,1,#CE0000,0,37.777125,-122.419644,1
543,BYU-Hawai'i,Seasiders,79,BYUH ,BYUH,Laie,HI,48,1,#CE0000,0,21.648314,-157.922975,1
544,Chaminade,Silverswords,57,CHAM ,CHAM,Honolulu,HI,48,1,#000000,0,21.30477,-157.857614,1
545,Dixie State,Red Storm,58,DXSC ,DXSC,St. George,UT,48,1,#004080,0,37.109075,-113.583304,1
546,Dominican (CA),Penguins,37,DUC  ,DUC,San Rafael,CA,48,1,#FFFF00,0,37.97457,-122.532474,1
547,Hawai'i Pacific,Sea Warriors,43,HIPA ,HIPA,Honolulu,HI,48,1,#06AEFF,0,21.30477,-157.857614,1
548,Hawai'i-Hilo,Vulcans,47,HILO ,HILO,Hilo,HI,48,1,#FF0000,0,19.719235,-155.081864,1
549,Notre Dame de Namur,Argonauts,27,NDNU ,NDNU,Belmont,CA,48,1,#0080C0,0,37.51834,-122.276209,1
550,Augusta State,Jaguars,83,AUST ,AUST,Augusta,GA,49,1,#000080,0,33.47909,-81.975309,1
551,Clayton State,Lakers,60,CLAY ,CLAY,Morrow,GA,49,1,#D76B00,0,33.58335,-84.340534,1
552,Columbus State,Cougars,44,COST ,COST,Columbus,GA,49,1,#000080,0,32.462925,-84.987629,1
553,Flagler,Saints,53,FLAG ,FLAG,St. Augustine,FL,49,1,#CE0000,0,29.892128,-81.314255,1
554,Francis Marion,Patriots,49,FMU  ,FMU,Florence,SC,49,1,#0000A0,0,34.19363,-79.769059,1
555,Georgia College & State,Bobcats,72,GCSU ,GCSU,Milledgeville,GA,49,1,#008040,0,33.081411,-83.226219,1
556,Georgia Southwestern,Hurricanes,37,GASW ,GASW,Americus,GA,49,1,#D4A017,0,32.07274,-84.232564,1
557,Lander,Bearcats,46,LAND ,LAND,Greenwood,SC,49,1,#004080,0,34.191046,-82.160744,1
558,Montevallo,Falcons,63,MONT ,MONT,Montevallo,AL,49,1,#400080,0,33.100615,-86.862594,1
559,North Georgia,Saints,50,NGCS ,NGCS,Dahlonega,GA,49,1,#004080,0,34.533057,-83.984185,1
560,UNC-Pembroke,Braves,26,UNCP ,UNCP,Pembroke,NC,49,1,#000000,0,34.679251,-79.193043,1
561,USC-Aiken,Pacers,64,USCA ,USCA,Aiken,SC,49,1,#004080,0,33.561645,-81.722139,1
562,Bloomsburg,Huskies,35,BU   ,BU,Bloomsburg,PA,50,1,#800040,0,41.00461,-76.453269,1
563,California (PA),Vulcans,69,CUPA ,CUPA,California,PA,50,1,#000000,0,40.0668,-79.892349,1
564,Cheyney,Wolves,60,CHEY ,CHEY,Cheyney,PA,50,1,#0080FF,0,39.930924,-75.524064,1
565,Clarion,Golden Eagles,52,CLAR ,CLAR,Clarion,PA,50,1,#0000FF,0,41.214595,-79.385259,1
566,East Stroudsburg,Warriors,67,EAST ,EAST,East Stroudsburg,PA,50,1,#000000,0,40.99455,-75.178064,1
567,Edinboro,Fighting Scots,63,EDIN ,EDIN,Edinboro,PA,50,1,#FF5959,0,41.875708,-80.13117,1
568,Gannon,Golden Knights,66,GANN ,GANN,Erie,PA,50,1,#800000,0,42.129445,-80.085239,1
569,IUP,Crimson Hawks,61,IUP  ,IUP,Indiana,PA,50,1,#804040,0,40.622905,-79.150149,1
570,Kutztown,Golden Bears,72,KUTZ ,KUTZ,Kutztown,PA,50,1,#800040,0,40.51852,-75.776488,1
571,Lock Haven,Eagles,24,LHUP ,LHUP,Lock Haven,PA,50,1,#804040,0,41.13765,-77.44223,1
572,Mansfield,Mountaineers,55,MUP  ,MUP,Mansfield,PA,50,1,#000000,0,41.8081,-77.078484,1
573,Mercyhurst,Lakers,60,HURST,HURST,Erie,PA,50,1,#008080,0,42.129445,-80.085239,1
574,Millersville,Marauders,57,MVIL ,MVIL,Millersville,PA,50,1,#000000,0,40.003455,-76.356599,1
575,Shippensburg,Raiders,44,SHIP ,SHIP,Shippenburg,PA,50,1,#0000FF,0,40.994709,-77.604538,1
576,Slippery Rock,,44,SRU  ,SRU,Slippery Rock,PA,50,1,#008000,0,41.0646,-80.055614,1
577,West Chester,Golden Rams,54,WCUP ,WCUP,West Chester,PA,50,1,#8000FF,0,39.96351,-75.598484,1
578,Adams State,Grizzlies,41,ASC  ,ASC,Alamosa,CO,51,1,#008080,0,37.46818,-105.873599,1
579,Chadron State,Eagles,29,CSC  ,CSC,Chaldron,NE,51,1,#9D0000,0,42.83175,-103.000209,1
580,Colorado Christian,Cougars,53,CCU  ,CCU,Lakewood,CO,51,1,#000040,0,39.71095,-105.082738,1
581,Colorado Mines,Orediggers,53,CSOM ,CSOM,Golden,CO,51,1,#0000A0,0,39.756655,-105.224949,1
582,Colorado-Colorado Springs,Mountain Lions,42,UCCS ,UCCS,Colorado Springs,CO,51,1,#D4A017,0,38.83345,-104.821814,1
583,CSU-Pueblo,Thunderwolves,49,CSUP ,CSUP,Pueblo,CO,51,1,#400080,0,38.26386,-104.612374,1
584,Fort Lewis,Skyhawks,72,FTLW ,FTLW,Durango,CO,51,1,#000080,0,37.273675,-107.879304,1
585,Mesa State,Mavericks,62,MESA ,MESA,Grand Junction,CO,51,1,#800080,0,39.06879,-108.564454,1
586,Metropolitan State,Roadrunners,78,MSCD ,MSCD,Denver,CO,51,1,#000080,0,39.74001,-104.992259,1
587,Nebraska-Kearney,Lopers,57,UNEK ,UNEK,Kearney,NE,51,1,#0000A0,0,40.70047,-99.083689,1
588,New Mexico Highlands,Cowboys,40,NMHU ,NMHU,Las Vegas,NM,51,1,#800080,0,35.595682,-105.216289,1
589,Regis,Rangers,35,REGIS,REGIS,Denver,CO,51,1,#00366C,0,39.74001,-104.992259,1
590,Western New Mexico,Mustangs,45,WNMU ,WNMU,Silver City,NM,51,1,#800080,0,32.769975,-108.275004,1
591,Western State,Mountaineers,38,WEST ,WEST,Gunnison,CO,51,1,#CE0000,0,38.54495,-106.926856,1
592,Anderson,Trojans,47,AND  ,AND,Anderson,SC,52,1,#000000,0,34.50044,-82.649579,1
593,Brevard,Tornados,36,BREV ,BREV,Brevard,NC,52,1,#004080,0,35.234275,-82.733914,1
594,Carson-Newman,Eagles,41,C-N  ,C-N,Jefferson City,TN,52,1,#000080,0,36.125775,-83.490029,1
595,Catawba,Indians,65,CTWB ,CTWB,Salisbury,NC,52,1,#000080,0,35.666934,-80.469354,1
596,Lenoir-Rhyne,Bears,58,L-R  ,L-R,Hickory,NC,52,1,#804040,0,35.73491,-81.335604,1
597,Lincoln Memorial,Railsplitters,49,LMU  ,LMU,Harrogate,TN,52,1,#000040,0,36.58267,-83.656734,1
598,Mars Hill,Lions,47,MHC  ,MHC,Mars Hill,NC,52,1,#004080,0,35.826403,-82.553057,1
599,Newberry,Indians,49,NEWB ,NEWB,Newberry,SC,52,1,#FF0000,0,34.274555,-81.619244,1
600,Tusculum,Pioneers,54,TUSC ,TUSC,Greeneville,TN,52,1,#E87400,0,36.16272,-82.831154,1
601,Wingate,Bulldogs,62,WU   ,WU,Wingate,NC,52,1,#004080,0,34.98254,-80.449959,1
602,Albany State,Rams,47,ALBS ,ALBS,Albany,GA,53,1,#000000,0,31.58076,-84.156009,1
603,Benedict,Panthers,78,BENE ,BENE,Columbia,SC,53,1,#800080,0,33.99855,-81.045249,1
604,Claflin,Panthers,69,CLAF ,CLAF,Orangeburg,SC,53,1,#000000,0,33.48935,-80.864719,1
605,Clark Atlanta,Panthers,48,CAU  ,CAU,Atlanta,GA,53,1,#000000,0,33.748315,-84.391109,1
606,Fort Valley,Wildcats,47,FVSU ,FVSU,Fort Valley,GA,53,1,#004080,0,32.5539,-83.888604,1
607,Kentucky State,Thorobreds,41,KYST ,KYST,Frankfort,KY,53,1,#008040,0,38.19506,-84.878694,1
608,Lane,Dragons,49,LANE ,LANE,Jackson,TN,53,1,#CE0000,0,35.6139,-88.819399,1
609,LeMoyne-Owen,Magicians,51,LOC  ,LOC,Memphis,TN,53,1,#800080,0,35.14968,-90.048929,1
610,Miles,Golden Bears,40,MILES,MILES,Fairfield,AL,53,1,#800080,0,33.490612,-86.915661,1
611,Morehouse,Tigers,35,MORE ,MORE,Atlanta,GA,53,1,#800000,0,33.748315,-84.391109,1
612,Paine,Lions,41,PAIN ,PAIN,Augusta,GA,53,1,#800080,0,33.47909,-81.975309,1
613,Stillman,Tigers,37,STIL ,STIL,Tuscaloosa,AL,53,1,#AFAF5F,0,33.210435,-87.566214,1
614,Tuskegee,Golden Tigers,41,TUSK ,TUSK,Tuskegee,AL,53,1,#CE0000,0,32.424055,-85.689779,1
615,Barry,Bucs,55,BARY ,BARY,Miami Shores,FL,54,1,#000000,0,25.86748,-80.193594,1
616,Eckerd,Tritons,67,ECK  ,ECK,St. Petersburg,FL,54,1,#004080,0,27.771185,-82.639319,1
617,Florida Southern,Mocs,68,FSC  ,FSC,Lakeland,FL,54,1,#FF0000,0,28.04419,-81.947864,1
618,Florida Tech,Panthers,50,FIT  ,FIT,Melbourne,FL,54,1,#000000,0,28.07939,-80.606884,1
619,Lynn,Fighting Knights,54,LYNN ,LYNN,Boca Raton,FL,54,1,#004080,0,26.35049,-80.089004,1
620,Nova Southeastern,Sharks,47,NSEU ,NSEU,Ft. Lauderdale,FL,54,1,#000040,0,26.12367,-80.143564,1
621,Rollins,Tars,74,ROLL ,ROLL,Winter Park,FL,54,1,#004080,0,28.594574,-81.350716,1
622,Saint Leo,Lions,45,SLU  ,SLU,Saint Leo,FL,54,1,#008040,0,28.33561,-82.259524,1
623,Tampa,Spartans,55,TAMP ,TAMP,Tampa,FL,54,1,#FF3333,0,27.94653,-82.459269,1
624,Alderson-Broaddus,Battlers,80,ABC  ,ABC,Philippi,WV,99,1,#D4A017,0,39.153085,-80.041039,1
625,Bluefield State,Big Blues,16,BSC  ,BSC,Bluefield,WV,55,1,#000080,0,37.267985,-81.222629,1
626,Charleston,Golden Eagles,57,UCWV ,UCWV,Charleston,WV,55,1,#800000,0,38.350195,-81.638989,1
627,Concord,Mountain Lions,42,CONC ,CONC,Athens,WV,55,1,#800040,0,37.42303,-81.016084,1
628,Davis & Elkins,Senators,34,D&E  ,D&E,Elkins,WV,99,1,#FF0000,0,38.92402,-79.844489,1
629,Fairmont State,Fighting Falcons,65,FAIR ,FAIR,Fairmont,WV,55,1,#400000,0,39.48161,-80.147154,1
630,Glenville State,Pioneers,37,GLEN ,GLEN,Glenville,WV,55,1,#0080FF,0,38.934625,-80.838239,1
631,Ohio Valley,Fighting Scots,23,OVU  ,OVU,Vienna,WV,99,1,#004080,0,39.32482,-81.548339,1
632,Pittsburgh-Johnstown,Mountain Cats,70,UPJ  ,UPJ,Johnstown,PA,50,1,#000040,0,40.32726,-78.918354,1
633,Seton Hill,Griffins,46,SHU  ,SHU,Greensburg,PA,50,1,#000000,0,40.299245,-79.543159,1
634,Shepherd,Rams,47,SHEP ,SHEP,Shepherdstown,PA,55,1,#004080,0,40.177311,-76.991577,1
635,West Liberty,Hilltoppers,83,WL   ,WL,West Libery,WV,55,1,#000000,0,40.169005,-80.587836,1
636,West Virginia State,Yellow Jackets,79,WVSU ,WVSU,Charleston,WV,55,1,#D4A017,0,38.350195,-81.638989,1
637,West Virginia Wesleyan,Bearcats,27,WVWC ,WVWC,Buckhannon,WV,55,1,#FF8040,0,38.993265,-80.231695,1
638,Wheeling Jesuit,Cardinals,54,WJU  ,WJU,Wheeling,WV,99,1,#FF0000,0,40.063965,-80.721424,1
639,D'Youville,Spartans,10,DYOVL,DYOVL,Buffalo,NY,56,1,#FF0000,0,42.9,-78.89,3
640,Franciscan (OH),Barons,10,FRANC,FRANC,Steubenville,OH,56,1,#007F00,0,40.38,-80.62,3
641,Hilbert,Hawks,10,HLBRT,HLBRT,Hamburg,NY,56,1,#0000FF,0,42.75,-78.82,3
642,La Roche,Redhawks,10,LARCH,LARCH,Pittsburgh,PA,56,1,#FF0000,0,40.57,-80.02,3
643,Medaille,Mavericks,10,MEDLE,MEDLE,Buffalo,NY,56,1,#00007F,0,42.93,-78.86,3
644,Mount Aloysius,Mounties,10,MTALY,MTALY,Cresson,PA,56,1,#00007F,0,40.46,-78.6,3
645,Penn State-Altoona,Lions,10,PSUAL,PSUAL,Altoona,PA,56,1,#00007F,0,40.51,-78.4,3
646,Penn State-Behrend,Lions,10,PSUBH,PSUBH,Erie,PA,56,1,#00007F,0,41.94,-79.59,3
647,Pitt-Bradford,Panthers,10,PITTB,PITTB,Bradford,PA,56,1,#00007F,0,41.94,-78.67,3
648,Pitt-Greensburg,Bobcats,10,PITTG,PITTG,Greensburg,PA,56,1,#00007F,0,40.28,-79.53,3
649,Concordia (TX),Tornados,10,CONTX,CONTX,Austin,TX,57,2,#7F007F,0,30.42,-97.84,3
650,East Texas Baptist,Tigers,10,ETXBP,ETXBP,Marshall,TX,57,1,#0000FF,0,32.58,-94.39,3
651,Hardin-Simmons,Cowboys,10,HRDSM,HRDSM,Abilene,TX,57,2,#7F007F,0,32.48,-99.74,3
652,Howard Payne,Yellow Jackets,10,HPYNE,HPYNE,Brownwood,TX,57,2,#827F00,0,31.72,-98.99,3
653,LeTourneau,Yellow Jackets,10,LETOR,LETOR,Longview,TX,57,1,#0000FF,0,32.46,-94.73,3
654,Louisiana College,Wildcats,10,LACOL,LACOL,Pineville,LA,57,1,#0000FF,0,31.32,-92.43,3
655,Mary Hardin-Baylor,Crusaders,10,MHBU ,MHBU,Crusaders,TX,57,2,#7F007F,0,31.07,-97.46,3
656,Mississippi College,Choctaws,10,MSCOL,MSCOL,Clinton,MS,57,1,#827F00,0,32.34,-90.33,3
657,Ozarks,Eagles,10,OZARK,OZARK,Clarksville,AR,57,1,#7F007F,0,35.48,-93.47,3
658,Schreiner,Mountaineers,10,SCHRN,SCHRN,Kerrville,TX,57,2,#A50000,0,30.03,-99.13,3
659,Sul Ross State,Lobos,10,SRSU ,SRSU,Alpine,TX,57,2,#DD0000,0,30.36,-103.65,3
660,Texas Luthern,Bulldogs,10,TXLUT,TXLUT,Seguin,TX,57,2,#000000,0,29.57,-97.99,3
661,Texas-Dallas,Comets,10,UTDAL,UTDAL,Dallas,TX,57,1,#007F00,0,32.98,-96.75,3
662,Texas-Tyler,Patriots,10,UTTLR,UTTLR,Tyler,TX,57,1,#FF7600,0,32.32,-95.25,3
663,Frostburg State,Bobcats,10,FROST,FROST,Frostburg,MD,58,1,#FF0000,0,39.65,-78.93,3
664,Mary Washington,Eagles,10,MWASH,MWASH,Fredericksburg,VA,58,1,#0000FF,0,38.3,-77.47,3
665,Marymount,Saints,10,MYMNT,MYMNT,Arlington,VA,58,1,#0000FF,0,38.91,-77.13,3
666,Salisbury,Sea Gulls,10,SLSBY,SLSBY,Salisbury,MD,58,1,#A50000,0,38.34,-75.61,3
667,St. Mary's (MD),Seahawks,10,STMRY,STMRY,St. Mary's City,MD,58,1,#00007F,0,38.19,-76.43,3
668,Wesley,Wolverines,10,WESLY,WESLY,Dover,DE,58,1,#00007F,0,39.16,-75.53,3
669,York (PA),Spartans,10,YORKP,YORKP,York,PA,58,1,#007F00,0,39.95,-76.73,3
670,Dickinson,Red Devils,10,DCKSN,DCKSN,Carlisle,PA,59,1,#FF0000,0,40.2,-77.2,3
671,Franklin & Marshall,Diplomats,10,FKMSH,FKMSH,Lancaster,PA,59,1,#00007F,0,40.05,-76.32,3
672,Gettysburg,Bullets,10,GTYBG,GTYBG,Gettysburg,PA,59,1,#FF7600,0,39.84,-77.24,3
673,Haverford,Fords,10,HVRFD,HVRFD,Haverford,PA,59,1,#DD0000,0,40.01,-75.3,3
674,Johns Hopkins,Blue Jays,10,JHU  ,JHU,Baltimore,MD,59,1,#0000FF,0,39.33,-76.62,3
675,McDaniel,Green Terror,10,MCDAN,MCDAN,Westminister,MD,59,1,#007F00,0,39.59,-77,3
676,Muhlenberg,Mules,10,MUHL ,MUHL,Allentown,PA,59,1,#FF0000,0,40.6,-75.51,3
677,Swarthmore,Garnet,10,SWTHM,SWTHM,Swarthmore,PA,59,1,#A50000,0,39.91,-75.35,3
678,Ursinus,Bears,10,URSNS,URSNS,Collegeville,PA,59,1,#FF0000,0,40.19,-75.46,3
679,Washington College,Shoremen,10,WSHCL,WSHCL,Chestertown,MD,59,1,#A50000,0,39.22,-76.07,3
680,Baruch,Wildcats,10,BRUCH,BRUCH,New York,NY,60,2,#0000FF,0,40.74,-73.98,3
681,Brooklyn,Bulldogs,10,BKLYN,BKLYN,Brooklyn,NY,60,1,#A50000,0,40.63,-73.95,3
682,CCNY,Beavers,10,CCNY ,CCNY,New York,NY,60,2,#FF94FF,0,40.82,-73.95,3
683,Hunter,Hawks,10,HUNTR,HUNTR,New York,NY,60,2,#7F007F,0,40.77,-73.97,3
684,John Jay,Bloodhounds,10,JJAY ,JJAY,New York,NY,60,2,#0000FF,0,40.77,-73.99,3
685,Lehman,Lightning,10,LEHMN,LEHMN,Bronx,NY,60,2,#0000FF,0,40.87,-73.89,3
686,Medgar Evers,Cougars,10,MEVER,MEVER,Brooklyn,NY,60,1,#000000,0,40.67,-73.96,3
687,Staten Island,Dolphins,10,STNIL,STNIL,Staten Island,NY,60,1,#A50000,0,40.6,-74.15,3
688,York (NY),Cardinals,10,YRKNY,YRKNY,Queens,NY,60,1,#FF0000,0,40.7,-73.8,3
689,Augustana,Vikings,10,AUGSN,AUGSN,Rock Island,IL,61,1,#00007F,0,41.5,-90.55,3
690,Carthage,Red Men,10,CTHGE,CTHGE,Kenosha,WI,61,1,#FF0000,0,42.62,-87.82,3
691,Elmhurst,Bluejays,10,ELMH ,ELMH,Elmhurst,IL,61,1,#00007F,0,41.9,-87.95,3
692,Illinois Wesleyan,Titans,10,ILWES,ILWES,Bloomington,IL,61,1,#007F00,0,40.49,-88.99,3
693,Millikin,Big Blues,10,MILKN,MILKN,Decatur,IL,61,1,#0000FF,0,39.84,-88.97,3
694,North Central (IL),Cardinals,10,NCENC,NCENC,Naperville,IL,61,1,#DD0000,0,41.77,-88.14,3
695,North Park,Vikings,10,NPARK,NPARK,Chicago,IL,61,1,#0000FF,0,41.97,-87.71,3
696,Wheaton (IL),Thunder,10,WHTNI,WHTNI,Wheaton,IL,61,1,#00007F,0,41.87,-88.1,3
697,Baptist Bible,Defenders,10,BPTBI,BPTBI,Clarks Summit,PA,62,1,#0000FF,0,41.5,-75.68,3
698,Cabrini,Cavaliers,10,CABRI,CABRI,Radnor,PA,62,1,#00007F,0,40.06,-75.37,3
699,Cairn,Highlanders,10,CAIRN,CAIRN,Langhorne,PA,62,1,#DD0000,0,40.17,-74.91,3
700,Centenary (NJ),Cyclones,10,CNTNJ,CNTNJ,Hackettstown,NJ,62,1,#0000FF,0,40.85,-74.84,3
701,Gwynedd-Mercy,Griffins,10,GWMY ,GWMY,Lower Gwynedd Township,PA,62,1,#DD0000,0,40.2,-75.24,3
702,Immaculata,Mighty Macs,10,IMMC ,IMMC,Immaculata,PA,62,1,#0000FF,0,40.03,-75.57,3
703,Keystone,Giants,10,KYSTN,KYSTN,La Plume,PA,62,1,#00007F,0,41.56,-75.75,3
704,Marywood,Pacers,10,MRYWD,MRYWD,Scranton,PA,62,1,#007F00,0,41.43,-75.63,3
705,Neumann,Knights,10,NEUM ,NEUM,Aston,PA,62,1,#0000FF,0,39.88,-75.44,3
706,Rosemont,Ravens,10,RSMNT,RSMNT,Rosemont,PA,62,1,#A50000,0,40.03,-75.33,3
707,Curry,Colonels,10,CURRY,CURRY,Milton,MA,63,1,#7F007F,0,41.96,-70.67,3
708,Eastern Nazarene,Lions,10,ENAZ ,ENAZ,Quincy,MA,63,1,#FF0000,0,42.26,-71.01,3
709,Endicott,Gulls,10,ENDCT,ENDCT,Beverly,MA,63,1,#00007F,0,42.55,-70.84,3
710,Gordon,Fighting Scots,10,GORDN,GORDN,Wenham,MA,63,1,#0000FF,0,42.59,-70.82,3
711,New England,Nor'easters,10,UNE  ,UNE,Biddeford,ME,63,1,#0000FF,0,43.46,-70.39,3
712,Nichols,Bison,10,NCHLS,NCHLS,Dudley,MA,63,1,#007F00,0,42.04,-71.93,3
713,Roger Williams,Hawks,10,RWILL,RWILL,Bristol,RI,63,1,#0000FF,0,41.65,-71.26,3
714,Salve Regina,Seahawks,10,SLVRG,SLVRG,Newport,RI,63,1,#0000FF,0,41.47,-71.3,3
715,Wentworth,Leopards,10,WNTWT,WNTWT,Boston,MA,63,1,#000000,0,42.34,-71.09,3
716,Western New England,Golden Bears,10,WNEC ,WNEC,Springfield,MA,63,1,#0000FF,0,42.12,-72.52,3
717,Alfred,Saxons,10,ALFRD,ALFRD,Alfred,NY,64,1,#7F007F,0,42.26,-77.79,3
718,Elmira,Soaring Eagles,10,ELMRA,ELMRA,Elmira,NY,64,1,#7F007F,0,42.1,-76.82,3
719,Hartwick,Hawks,10,HRTWK,HRTWK,Oneonta,NY,64,1,#0000FF,0,42.46,-75.07,3
720,Houghton,Highlanders,10,HOUGH,HOUGH,Houghton,NY,64,1,#7F007F,0,42.43,-78.16,3
721,Ithaca,Bombers,10,ITHCA,ITHCA,Ithaca,NY,64,1,#0000FF,0,42.42,-76.49,3
722,Nazareth,Golden Flyers,10,NAZ  ,NAZ,Rochester,NY,64,1,#7F007F,0,43.1,-77.72,3
723,St. John Fisher,Cardinals,10,STJNF,STJNF,Pittsford,NY,64,1,#DD0000,0,43.11,-77.51,3
724,Stevens,Ducks,10,STEVN,STEVN,Hoboken,NJ,64,1,#A50000,0,40.74,-74.02,3
725,Utica,Pioneers,10,UTICA,UTICA,Utica,NY,64,1,#00007F,0,43.1,-75.27,3
726,Albertus Magnus,Falcons,10,ALBMG,ALBMG,New Haven,CT,65,1,#0000FF,0,41.33,-72.92,3
727,Anna Maria,AMCATS,10,AMC  ,AMC,Paxton,MA,65,1,#DD0000,0,42.33,-71.92,3
728,Emerson,Lions,10,EMRSN,EMRSN,Boston,MA,65,1,#000000,0,42.35,-71.07,3
729,Emmanuel,Saints,10,EMMNL,EMMNL,Boston,MA,65,1,#0000FF,0,42.34,-71.1,3
730,Johnson & Wales,Wildcats,10,JHWLS,JHWLS,Providence,RI,65,1,#0000FF,0,41.82,-71.41,3
731,Lasell,Lasers,10,LASEL,LASEL,Newton,MA,65,1,#0000FF,0,42.34,-71.24,3
732,Mount Ida,Mustangs,10,MTIDA,MTIDA,Newton,MA,65,1,#007F00,0,42.29,-71.19,3
733,Norwich,Cadets,10,NORW ,NORW,Northfield,VT,65,1,#A50000,0,44.13,-72.66,3
734,Rivier,Raiders,10,RIVER,RIVER,Nashua,NH,65,1,#00007F,0,42.74,-71.45,3
735,St. Joseph's (ME),Monks,10,STJOE,STJOE,Standish,ME,65,1,#0000FF,0,43.83,-70.48,3
736,Suffolk,Rams,10,SUFLK,SUFLK,Boston,MA,65,1,#0000FF,0,42.36,-71.06,3
737,Brockport State,Golden Eagles,10,BCKST,BCKST,Brockport,NY,66,1,#007F00,0,43.21,-77.95,3
738,Buffalo State,Bengals,10,BUFST,BUFST,Buffalo,NY,66,1,#FF7600,0,42.93,-78.88,3
739,Cortland State,Cortland,10,CTLST,CTLST,Cortland,NY,66,1,#FF0000,0,42.59,-76.2,3
740,Fredonia State,Blue Devils,10,FRDST,FRDST,Fredonia,NY,66,1,#0000FF,0,42.45,-79.34,3
741,Geneseo State,Blue Knights,10,GENST,GENST,Geneso,NY,66,1,#0000FF,0,42.8,-77.82,3
742,New Paltz State,Hawks,10,NWPST,NWPST,New Paltz,NY,66,1,#00007F,0,41.74,-74.08,3
743,Oneonta State,Red Dragons,10,ONTST,ONTST,Oneonta,NY,66,1,#FF0000,0,42.47,-75.07,3
744,Oswego State,Lakers,10,OSWST,OSWST,Oswego,NY,66,1,#007F00,0,43.45,-76.54,3
745,Plattsburgh State,Cardinals,10,PLTST,PLTST,Plattsburgh,NY,66,1,#FF0000,0,44.69,-73.47,3
746,Potsdam State,Bears,10,PDMST,PDMST,Potsdam,NY,66,1,#A50000,0,44.66,-74.97,3
747,Anderson,Ravens,10,ANDSN,ANDSN,Anderson,IN,67,1,#000000,0,40.11,-85.66,3
748,Bluffton,Beavers,10,BLFTN,BLFTN,Bluffton,OH,67,1,#7F007F,0,40.9,-82.99,3
749,Defiance,Yellow Jackets,10,DEFIA,DEFIA,Defiance,OH,67,1,#7F007F,0,41.3,-84.35,3
750,Earlham,Quakers,10,EARLH,EARLH,Richmond,IN,67,1,#A50000,0,39.82,-84.91,3
751,Franklin,Grizzlies,10,FRNKL,FRNKL,Franklin,IN,67,1,#00007F,0,39.48,-86.04,3
752,Hanover,Panthers,10,HANVR,HANVR,Hanover,IN,67,1,#FF0000,0,38.72,-85.46,3
753,Manchester,Spartans,10,MANCH,MANCH,North Manchester,IN,67,1,#000000,0,41.01,-85.76,3
754,Mount St. Joseph,Lions,10,MTSTJ,MTSTJ,Cincinnati,OH,67,1,#0000FF,0,39.1,-84.64,3
755,Rose-Hulman,Engineers,10,RHUL ,RHUL,Terre Haute,IN,67,1,#D2509C,0,39.48,-87.32,3
756,Transylvania,Pioneers,10,TRSVN,TRSVN,Lexington,KY,67,1,#DD0000,0,38.05,-84.49,3
757,Covenant,Scots,10,COVNT,COVNT,Lookout Mountain,GA,55,1,#0000FF,0,34.97,-85.37,3
758,Buena Vista,Beavers,10,BUNVS,BUNVS,Storm Lake,IA,68,1,#00007F,0,42.64,-95.21,3
759,Central,Dutch,10,CNTRL,CNTRL,Pella,IA,68,1,#FF0000,0,41.4,-92.93,3
760,Coe,Kohawks,10,COE  ,COE,Cedar Rapids,IA,68,1,#DD0000,0,41.99,-91.66,3
761,Dubuque,Spartans,10,DUBUQ,DUBUQ,Dubuque,IA,68,1,#0000FF,0,42.5,-90.7,3
762,Loras,Duhawks,10,LORAS,LORAS,Dubuque,IA,68,1,#7F007F,0,42.51,-90.68,3
763,Luther,Norse,10,LUTHR,LUTHR,Decorah,IA,68,1,#0000FF,0,43.31,-91.81,3
764,Simpson,Storm,10,SIMPS,SIMPS,Indianola,IA,68,1,#FF0000,0,41.37,-93.57,3
765,Wartburg,Knights,10,WRTBG,WRTBG,Waverly,IA,68,1,#FF7600,0,42.73,-92.48,3
766,Catholic,Cardinals,10,CATHU,CATHU,Washington,DC,69,1,#DD0000,0,38.93,-77,3
767,Drew,Rangers,10,DREW ,DREW,Madison,NJ,69,1,#007F00,0,40.76,-74.43,3
768,Goucher,Gophers,10,GOUCH,GOUCH,Towson,MD,69,1,#0000FF,0,39.41,-76.59,3
769,Juniata,Eagles,10,JUN  ,JUN,Huntingdon,PA,69,1,#0000FF,0,40.5,-78.02,3
770,Merchant Marine,Mariners,10,USMMA,USMMA,Kings Point,NY,69,1,#0000FF,0,40.81,-73.76,3
771,Moravian,Greyhounds,10,MORVN,MORVN,Bethlehem,PA,69,1,#0000FF,0,40.63,-75.38,3
772,Scranton,Royals,10,SCRNT,SCRNT,Scranton,PA,69,1,#7F007F,0,41.41,-75.66,3
773,Susquehanna,Crusaders,10,SUSQ ,SUSQ,Selinsgrove,PA,69,1,#7F0000,0,40.8,-76.87,3
774,Bard,Raptors,10,BARD ,BARD,Annandale-on-Hudson,NY,70,1,#000000,0,42.02,-73.91,3
775,Clarkson,Golden Knights,10,CLKSN,CLKSN,Potsdam,NY,70,1,#007F00,0,44.66,-75,3
776,Hobart,Statesmen,10,HOBRT,HOBRT,Geneva,NY,70,1,#7F007F,0,42.86,-76.99,3
777,Rochester Tech,Tigers,10,RIT  ,RIT,Rochester,NY,70,1,#635147,0,43.08,-77.67,3
778,RPI,Red Hawks,10,RPI  ,RPI,Troy,NY,70,1,#DD0000,0,42.73,-73.68,3
779,Skidmore,Thoroughbreds,10,SKDMR,SKDMR,Saratoga Springs,NY,70,1,#007F00,0,43.1,-73.8,3
780,St. Lawrence,Saints,10,STLAW,STLAW,Canton,NY,70,1,#DD0000,0,44.59,-75.16,3
781,Union,Dutchmen,10,UNION,UNION,Schenectady,NY,70,1,#AF0000,0,42.82,-73.93,3
782,Vassar,Brewers,10,VASSR,VASSR,Poughkeepsie,NY,70,1,#800020,0,41.67,-73.9,3
783,Eastern Connecticut,Warriors,10,ECSU ,ECSU,Willimantic,CT,71,1,#00007F,0,41.72,-72.22,3
784,Keene State,Owls,10,KEENE,KEENE,Keene,NH,71,1,#FF0000,0,42.92,-72.28,3
785,Mass-Boston,Beacons,10,MASSB,MASSB,Boston,MA,71,1,#0000FF,0,42.32,-71.04,3
786,Mass-Darthmouth,Corsairs,10,MASSD,MASSD,Darmouth,MA,71,1,#0000FF,0,41.66,-70.99,3
787,Plymouth State,Panthers,10,PLYMS,PLYMS,Plymouth,NH,71,1,#007F00,0,43.76,-71.69,3
788,Rhode Island College,Anchormen,10,RICOL,RICOLL,Providence,RI,71,1,#827F00,0,41.84,-71.47,3
789,Southern Maine,Huskies,10,SOME ,SOME,Portland,ME,71,1,#0000FF,0,43.66,-70.28,3
790,Western Connecticut,Colonials,10,WCSU ,WCSU,Danbury,CT,71,1,#0000FF,0,41.4,-73.44,3
791,Bridgewater State,Bears,10,BGWST,BGWST,Bridgewater,MA,72,1,#DD0000,0,41.99,-70.97,3
792,Fitchburg State,Falcons,10,FITCH,FITCH,Fitchburg,MA,72,1,#007F00,0,42.59,-71.79,3
793,Framingham State,Rams,10,FRMST,FRMST,Framingham,MA,72,1,#000000,0,42.3,-71.44,3
794,Massachusetts Coll.,Trailblazers,10,MCLA ,MCLA,North Adams,MA,72,1,#00007F,0,42.69,-73.1,3
795,Salem State,Vikings,10,SALEM,SALEM,Salem,MA,72,1,#FF7600,0,42.5,-70.89,3
796,Westfield State,Owls,10,WESTF,WESTF,Westfield,MA,72,1,#0000FF,0,42.13,-72.8,3
797,Worcester State,Lancers,10,WORST,WORST,Worcester,MA,72,1,#0000FF,0,42.27,-71.84,3
798,Adrian,Bulldogs,10,ADRN ,ADRN,Adrian,MI,73,1,#000000,0,41.9,-84.06,3
799,Albion,Britons,10,ALBN ,ALBN,Albion,MI,73,1,#7F007F,0,42.25,-84.75,3
800,Alma,Scots,10,ALMA ,ALMA,Alma,MI,73,1,#800000,0,43.38,-84.67,3
801,Calvin,Knights,10,CALVN,CALVN,Grand Rapids,MI,73,1,#800000,0,42.93,-85.59,3
802,Hope,Flying Dutchmen,10,HOPE ,HOPE,Holland,MI,73,1,#FF7600,0,42.79,-86.1,3
803,Kalamazoo,Hornets,10,KLMZO,KLMZO,Kalamazoo,MI,73,1,#FF7600,0,42.29,-85.6,3
804,Olivet,Comets,10,OLIVT,OLIVT,Olivet,MI,73,1,#DD0000,0,42.43,-84.93,3
805,Trine,Thunder,10,TRINE,TRINE,Angola,IN,73,1,#00007F,0,41.63,-85.01,3
806,Albright,Lions,10,ALBRT,ALBRT,Reading,PA,74,1,#FF0000,0,40.36,-75.91,3
807,Alvernia,Crusaders,10,ALVRN,ALVRN,Reading,PA,74,1,#800000,0,40.31,-75.93,3
808,Arcadia,Knights,10,ARCAD,ARCAD,Glenside,PA,74,1,#FF0000,0,40.09,-75.17,3
809,Elizabethtown,Blue Jays,10,ELZTW,ELZTW,Elizabethtown,PA,74,1,#0000FF,0,40.15,-76.59,3
810,Hood,Blazers,10,HOOD ,HOOD,Frederick,MD,74,1,#0000FF,0,39.42,-77.42,3
811,Lebanon Valley,Flying Dutchmen,10,LEBVL,LEBVL,Annville,PA,74,1,#0000FF,0,40.33,-76.51,3
812,Lycoming,Warriors,10,LYCMG,LYCMG,Williamsport,PA,74,1,#0000FF,0,41.25,-77,3
813,Messiah,Falcons,10,MESSH,MESSH,Grantham,PA,74,1,#00007F,0,40.16,-76.99,3
814,Stevenson,Mustangs,10,STVSN,STVSN,Stevenson,MD,74,1,#007F00,0,39.42,-76.78,3
815,Widener,Pride,10,WIDNR,WIDNR,Chester,PA,74,1,#0000FF,0,39.86,-75.36,3
816,Delaware Valley,Aggies,10,DELVA,DELVA,Doylestown,PA,75,1,#007F00,0,40.3,-75.16,3
817,DeSales,Bulldogs,10,DESAL,DESAL,Center Valley,PA,75,1,#00007F,0,40.54,-75.38,3
818,Eastern,Eagles,10,EAST ,EAST,St. Davids,PA,75,1,#800000,0,40.05,-75.37,3
819,FDU-Florham,Devils,10,FDUFL,FDUFL,Florham Park,NJ,75,1,#DD0000,0,40.78,-74.43,3
820,King's College,Monarchs,10,KINGS,KINGS,Wilkes-Barre,PA,75,1,#FF0000,0,41.25,-75.88,3
821,Manhattanville,Valiants,10,MHTVL,MHTVL,Purchase,NY,75,1,#FF0000,0,41.03,-73.71,3
822,Misericordia,Cougars,10,MSCRD,MSCRD,Dallas,PA,75,1,#0000FF,0,41.35,-75.97,3
823,Wilkes,Colonels,10,WILKE,WILKE,Wilkes-Barre,PA,75,1,#00007F,0,41.24,-75.89,3
824,Beloit,Buccaneers,10,BELOT,BELOT,Beloit,WI,76,1,#827F00,0,42.5,-89.03,3
825,Carroll,Pioneers,10,CARRL,CARRL,Waukesha,WI,76,1,#FF7600,0,43,-88.23,3
826,Cornell,Rams,10,CORNL,CORNL,Mount Vernon,IA,76,1,#7F007F,0,41.92,-91.42,3
827,Grinnell,Pioneers,10,GRINN,GRINN,Grinnell,IA,76,1,#DD0000,0,41.75,-92.72,3
828,Illinois College,Blueboys,10,ILCOL,ILCOL,Jacksonville,IL,76,1,#0000FF,0,39.73,-90.25,3
829,Knox,Prairie Fire,10,KNOX ,KNOX,Galesburg,IL,76,1,#7F007F,0,40.94,-90.37,3
830,Lake Forest,Foresters,10,LAKFS,LAKFS,Lake Forest,IL,76,1,#FF0000,0,42.25,-87.83,3
831,Lawrence,Vikings,10,LAWRN,LAWRN,Appleton,WI,76,1,#0000FF,0,44.26,-88.4,3
832,Monmouth (IL),Fighting Scots,10,MONIL,MONIL,Monmouth,IL,76,1,#FF0000,0,40.92,-90.64,3
833,Ripon,Red Hawks,10,RIPON,RIPON,Ripon,WI,76,1,#FF0000,0,43.84,-88.84,3
834,St. Norbert,Green Knights,10,STNOR,STNOR,De Pere,WI,76,1,#007F00,0,44.45,-88.07,3
835,Augsburg,Auggies,10,AUGSB,AUGSB,Minneapolis,MN,77,1,#800000,0,44.97,-93.24,3
836,Bethel,Royals,10,BETHL,BETHL,Arden Hills,MN,77,1,#00007F,0,45.06,-93.16,3
837,Carleton,Knights,10,CRLTN,CRLTN,Northfield,MN,77,1,#FFE700,0,44.46,-93.15,3
838,Concordia-Moorhead,Cobbers,10,CONMH,CONMH,Moorhead,MN,77,1,#800000,0,46.86,-96.77,3
839,Gustavus Adolphus,Gusties,10,GADPH,GADPH,St. Peter,MN,77,1,#000000,0,44.32,-93.98,3
840,Hamline,Pipers,10,HAMLN,HAMLN,St. Paul,MN,77,1,#DD0000,0,44.97,-93.17,3
841,Macalester,Scots,10,MCLST,MCLST,St. Paul,MN,77,1,#0000FF,0,44.94,-93.17,3
842,St. John's,Johnnies,10,STJON,STJON,Collegeville,MN,77,1,#DD0000,0,45.58,-94.39,3
843,St. Mary's (MN),Cardinals,10,STMAR,STMAR,Winona,MN,77,1,#FF0000,0,44.04,-91.69,3
844,St. Olaf,Oles,10,STOLF,STOLF,Northfield,MN,77,1,#827F00,0,44.46,-93.19,3
845,St. Thomas,Tommies,10,STTHM,STTHM,St. Paul,MN,77,1,#7F007F,0,44.94,-93.19,3
846,Babson,Beavers,10,BAB  ,BAB,Wellesley,MA,78,1,#007F00,0,42.3,-71.27,3
847,Clark,Cougars,10,CLARK,CLARK,Worcester,MA,78,1,#DD0000,0,42.25,-71.82,3
848,Coast Guard,Bears,10,CGA  ,CGA,New London,CT,78,1,#0000FF,0,41.38,-72.1,3
849,MIT,Engineers,10,MIT  ,MIT,Cambridge,MA,78,1,#DD0000,0,42.36,-71.09,3
850,Springfield,Pride,10,SPGFL,SPGFL,Springfield,MA,78,1,#800000,0,42.1,-72.56,3
851,Wheaton (MA),Lyons,10,WHTNM,WHTNM,Norton,MA,78,1,#0000FF,0,41.97,-71.18,3
852,WPI,Engineers,10,WPI  ,WPI,Worcester,MA,78,1,#DD0000,0,42.27,-71.81,3
853,Becker,Hawks,10,BECKR,BECKR,Worcester,MA,79,1,#0000FF,0,42.26,-71.81,3
854,Daniel Webster,Eagles,10,DWEB ,DWEB,Nashua,NH,79,1,#00007F,0,42.78,-71.51,3
855,Elms,Blazers,10,ELMS ,ELMS,Chicopee,MA,79,1,#007F00,0,42.19,-72.6,3
856,Lesley,Lynx,10,LESLY,LESLY,Boston,MA,79,1,#007F00,0,42.38,-71.12,3
857,Mitchell,Mariners,10,MTCHL,MTCHL,New London,CT,79,1,#FF0000,0,41.32,-72.1,3
858,Newbury,Nighthawks,10,NEWBY,NEWBY,Brookline,MA,79,1,#007F00,0,42.33,-71.14,3
859,Regis (MA),Pride,10,REGIS,REGIS,Weston,MA,79,1,#DD0000,0,42.35,-71.31,3
860,Southern Vermont,Mountaineers,10,SOVER,SOVER,Bennington,VT,79,1,#007F00,0,42.87,-73.22,3
861,Wheelock,Wildcats,10,WHLCK,WHLCK,Boston,MA,79,1,#0000FF,0,42.34,-71.11,3
862,Amherst,Lord Jeffs,10,AMHST,AMHST,Amherst,MA,80,1,#7F007F,0,42.37,-72.52,3
863,Bates,Bobcats,10,BATES,BATES,Lewiston,ME,80,1,#800000,0,44.11,-70.2,3
864,Bowdoin,Polar Bears,10,BOWDN,BOWDN,Brunswick,ME,80,1,#000000,0,43.91,-69.96,3
865,Colby,White Mules,10,COLBY,COLBY,Waterville,ME,80,1,#0000FF,0,44.57,-69.66,3
866,Connecticut College,Camels,10,CTCOL,CTCOL,New London,CT,80,1,#0000FF,0,41.38,-72.1,3
867,Hamilton,Continentals,10,HAMLT,HAMLT,Clinton,NY,80,1,#DEB887,0,43.05,-75.41,3
868,Middlebury,Panthers,10,MDLBY,MDLBY,Middlebury,VT,80,1,#0000FF,0,44.01,-73.18,3
869,Trinity (CT),Bantams,10,TRNTY,TRNTY,Hartford,CT,80,1,#00007F,0,41.75,-72.69,3
870,Tufts,Jumbos,10,TUFTS,TUFTS,Medford,MA,80,1,#A52A2A,0,42.41,-71.12,3
871,Wesleyan,Cardinals,10,WSLYN,WSLYN,Middletown,CT,80,1,#DD0000,0,41.55,-72.65,3
872,Williams,Ephs,10,WILMS,WILMS,Williamstown,MA,80,1,#7F007F,0,42.71,-73.21,3
873,Kean,Cougars,10,KEAN ,KEAN,Union,NJ,81,1,#0000FF,0,40.68,-74.23,3
874,Montclair State,Red Hawks,10,MNTCL,MNTCL,Montclair,NJ,81,1,#DD0000,0,40.87,-74.2,3
875,New Jersey City,Gothic Knights,10,NJCU ,NJCU,Jersey City,NJ,81,1,#007F00,0,40.71,-74.09,3
876,Ramapo,Roadrunners,10,RAMAP,RAMAP,Mahwah,NJ,81,1,#800000,0,41.08,-74.18,3
877,Richard Stockton,Ospreys,10,RSTCK,RSTCK,Pomona,NJ,81,1,#000000,0,39.49,-74.53,3
878,Rowan,Profs,10,ROWAN,ROWAN,Glassboro,NJ,81,1,#A52A2A,0,39.71,-75.12,3
879,Rutgers-Camden,Scarlet Raptors,10,RUCMD,RUCMD,Camden,NJ,81,1,#DD0000,0,39.95,-75.12,3
880,Rutgers-Newark,Raiders,10,RUNWK,RUNWK,Newark,NJ,81,1,#DD0000,0,40.74,-74.17,3
881,TCNJ,Lions,10,TCNJ ,TCNJ,Ewing,NJ,81,1,#00007F,0,40.27,-74.78,3
882,William Paterson,Pioneers,10,WPATT,WPATT,Wayne,NJ,81,1,#FF7600,0,40.94,-74.2,3
883,Castleton State,Spartans,10,CSC  ,CSC,Castleton,VT,82,1,#007F00,367,43.61,-73.18,3
884,Colby-Sawyer,Chargers,10,CSAWY,CSAWY,New London,NH,82,1,#0000FF,179,43.42,-71.97,3
885,Green Mountain,Eagles,10,GRNMT,GRNMT,Poultney,VT,82,1,#007F00,366,43.64,-72.79,3
886,Husson,Eagles,10,HUSSN,HUSSN,Bangor,ME,82,1,#007F00,89,44.83,-68.79,3
887,Johnson State,Badgers,10,JSC  ,JSC,Johnson,VT,82,1,#00007F,369,44.65,-72.67,3
888,Lyndon State,Hornets,10,LSC  ,LSC,Lyndonville,VT,82,1,#007F00,368,44.53,-72.02,3
889,Maine Maritime,Mariners,10,MEMAR,MEMAR,Castine,ME,82,1,#0000FF,86,44.39,-68.8,3
890,Maine-Farmington,Beavers,10,UMF  ,UMF,Farmington,ME,82,1,#A50000,93,44.67,-70.15,3
891,New England College,Pilgrims,10,NEC  ,NEC,Henniker,NH,82,1,#DD0000,176,43.18,-71.82,3
892,Thomas,Terriers,10,THOM ,THOM,Waterville,ME,82,1,#FF0000,87,44.53,-69.67,3
893,Allegheny,Gators,10,ALGHY,ALGHY,Meadville,PA,83,1,#0000FF,0,41.65,-80.15,3
894,Denison,Big Red,10,DENSN,DENSN,Granville,OH,83,1,#FF0000,0,40.07,-82.52,3
895,DePauw,Tigers,10,DEPAW,DEPAW,Greencastle,IN,83,1,#000000,0,39.64,-86.86,3
896,Hiram,Terriers,10,HIRAM,HIRAM,Hiram,OH,83,1,#0000FF,0,41.31,-81.14,3
897,Kenyon,Lords,10,KENYN,KENYN,Gambier,OH,83,1,#7F007F,0,40.38,-82.4,3
898,Oberlin,Yeomen,10,OBRLN,OBRLN,Oberlin,OH,83,1,#DD0000,0,41.29,-82.22,3
899,Ohio Wesleyan,Battling Bishops,10,OHWES,OHWES,Delaware,OH,83,1,#FF0000,0,40.3,-83.07,3
900,Wabash,Little Giants,10,WBASH,WBASH,Crawfordsville,IN,83,1,#FF0000,0,40.04,-86.9,3
901,Wittenberg,Tigers,10,WTNBG,WTNBG,Springfield,OH,83,1,#FF0000,0,39.93,-83.81,3
902,Wooster,Fighting Scots,10,WOSTR,WOSTR,Wooster,OH,83,1,#000000,0,40.81,-81.94,3
903,Cazenovia,Wildcats,10,CZNOV,CZNOV,Cazenovia,NY,84,1,#0000FF,0,42.93,-75.85,3
904,Gallaudet,Bison,10,GALL ,GALL,Washington,DC,84,2,#BCB38F,0,38.91,-76.99,3
905,Keuka,Storm,10,KEUKA,KEUKA,Keuka Park,NY,84,1,#007F00,0,42.62,-77.09,3
906,Lancaster Bible,Chargers,10,LNBIB,LNBIB,Lancaster,PA,84,2,#DD0000,0,40.07,-76.29,3
907,Morrisville State,Mustangs,10,MRVST,MRVST,Morrisville,NY,84,1,#007F00,0,42.9,-75.64,3
908,Penn State-Abington,Nittany Lions,10,PSUAB,PSUAB,Abington,PA,84,2,#00007F,0,40.12,-75.11,3
909,Penn State-Berks,Nittany Lions,10,PSUBK,PSUBK,Reading,PA,84,2,#00007F,0,40.36,-75.97,3
910,Penn State-Harrisburg,Lions,10,PSUH ,PSUH,Harrisburg,PA,84,2,#00007F,0,40.21,-76.74,3
911,SUNY-Cobleskill,Fighting Tigers,10,NYCOB,NYCOB,Cobleskill,NY,84,1,#000000,0,42.67,-74.5,3
912,SUNYIT,Wildcats,10,SNYIT,SNYIT,Marcy,NY,84,1,#0000FF,0,43.13,-75.23,3
913,Wells,Express,10,WELLS,WELLS,Aurora,NY,84,1,#A50000,0,42.75,-76.69,3
914,Aurora,Spartans,10,AUR  ,AUR,Aurora,IL,85,2,#0000FF,0,41.75,-88.35,3
915,Benedictine,Eagles,10,BENED,BENED,Lisle,IL,85,2,#DD0000,0,41.78,-88.1,3
916,Concordia (WI),Falcons,10,CONWI,CONWI,Mequon,WI,85,1,#0000FF,0,43.25,-87.92,3
917,Concordia-Chicago,Cougars,10,CONCH,CONCH,River Forest,IL,85,2,#A50000,0,41.9,-87.81,3
918,Dominican,Stars,10,DOM  ,DOM,River Forest,IL,85,2,#0000FF,0,41.9,-87.82,3
919,Edgewood,Eagles,10,EDGWD,EDGWD,Madison,WI,85,1,#000000,0,43.06,-89.42,3
920,Lakeland,Muskies,10,LKLND,LKLND,Sheboygan,WI,85,1,#00007F,0,43.84,-87.88,3
921,Maranatha Baptist,Crusaders,10,MARBP,MARBP,Watertown,WI,85,1,#0000FF,0,43.2,-88.74,3
922,Marian,Sabres,10,MRIAN,MRIAN,Fond du Lac,WI,85,1,#0000FF,0,43.78,-88.42,3
923,Milwaukee Engineering,Raiders,10,MSOE ,MSOE,Milwaukee,WI,85,1,#FF0000,0,43.04,-87.91,3
924,Rockford,Regents,10,RCKFD,RCKFD,Rockford,IL,85,2,#7F007F,0,42.27,-89.02,3
925,Wisconsin Lutheran,Warriors,10,WILUT,WILUT,Milwaukee,WI,85,2,#007F00,0,43.04,-88.02,3
926,George Fox,Bruins,10,GEOFX,GEOFX,Newberg,OR,86,1,#00007F,0,45.3,-122.97,3
927,Lewis & Clark,Pioneers,10,LWSCK,LWSCK,Portland,OR,86,1,#FF7600,0,45.45,-122.67,3
928,Linfield,Wildcats,10,LNFLD,LNFLD,McMinnville,OR,86,1,#DD0000,0,45.2,-123.2,3
929,Pacific,Boxers,10,PACU ,PACU,Forest Grove,OR,86,1,#FF0000,0,45.52,-123.11,3
930,Pacific Lutheran,Lutes,10,PACLT,PACLT,Tacoma,WA,86,1,#827F00,0,47.15,-122.44,3
931,Puget Sound,Loggers,10,PUGET,PUGET,Tacoma,WA,86,1,#A50000,0,47.26,-122.48,3
932,Whitman,Missionaires,10,WHTMN,WHTMN,Walla Walla,WA,86,1,#00007F,0,46.07,-118.33,3
933,Whitworth,Pirates,10,WHTWH,WHTWH,Spokane,WA,86,1,#DD0000,0,47.75,-117.42,3
934,Willamette,Bearcats,10,WILMT,WILMT,Salem,OR,86,1,#DD0000,0,44.94,-123.03,3
935,Baldwin-Wallace,Yellow Jackets,10,BLDWL,BLDWL,Berea,OH,87,1,#A52A2A,0,41.37,-81.84,3
936,Capital,Crusaders,10,CAPTL,CAPTL,Columbus,OH,87,1,#7F007F,0,39.96,-82.94,3
937,Heidelberg,Student Princes,10,HDLBG,HDLBG,Tiffin,OH,87,1,#FF0000,0,41.12,-83.17,3
938,John Carroll,Blue Streaks,10,JCARR,JCARR,University Heights,OH,87,1,#0000FF,0,41.49,-81.53,3
939,Marietta,Pioneers,10,MRTTA,MRTTA,Marietta,OH,87,1,#00007F,0,39.42,-81.45,3
940,Mount Union,Purple Raiders,10,MTU  ,MTU,Alliance,OH,87,1,#7F007F,0,40.9,-81.11,3
941,Muskingum,Fighting Muskies,10,MUSK ,MUSK,New Concord,OH,87,1,#000000,0,40,-81.74,3
942,Ohio Northern,Polar Bears,10,OHNTH,OHNTH,Ada,OH,87,1,#FF7600,0,40.77,-83.83,3
943,Otterbein,Cardinals,10,OTTBN,OTTBN,Westerville,OH,87,1,#D2B48C,0,40.14,-82.9,3
944,Wilmington,Quakers,10,WLMGT,WLMGT,Wilmington,OH,87,1,#007F00,0,39.44,-83.82,3
945,Bridgewater (VA),Eagles,10,BRDGW,BRDGW,Bridgewater,VA,88,1,#DD0000,0,38.38,-78.97,3
946,Eastern Mennonite,Royals,10,EMENN,EMENN,Harrisonberg,VA,88,1,#0000FF,0,38.47,-78.88,3
947,Emory & Henry,Wasps,10,EMHEN,EMHEN,Emory,VA,88,1,#0000FF,0,36.77,-81.83,3
948,Guilford,Quakers,10,GULFD,GULFD,Greensboro,NC,88,1,#7F7F7F,0,36.09,-79.88,3
949,Hampden-Sydney,Tigers,10,HMPSD,HMPSD,Hampden Sydney,VA,88,1,#A50000,0,37.24,-78.46,3
950,Lynchburg,Hornets,10,LYNCH,LYNCH,Lynchburg,VA,88,1,#DD0000,0,37.4,-79.18,3
951,Randolph,WildCats,10,RAND ,RAND,Lynchburg,VA,88,1,#000000,0,37.44,-79.17,3
952,Randolph-Macon,Yellow Jackets,10,RNDMC,RNDMC,Ashland,VA,88,1,#FFFF5C,0,37.76,-77.48,3
953,Roanoke,Maroons,10,RNOKE,RNOKE,Salem,VA,88,1,#A50000,0,37.3,-80.06,3
954,Shenandoah,Hornets,10,SHNDH,SHNDH,Winchester,VA,88,1,#FF0000,0,39.17,-78.16,3
955,Virginia Wesleyan,Marlins,10,VAWES,VAWES,Virginia Beach,VA,88,1,#00007F,0,36.87,-76.19,3
956,Washington & Lee,Generals,10,WSHLE,WSHLE,Lexington,VA,88,1,#0000FF,0,37.79,-79.45,3
957,Bethany,Bison,10,BTHNY,BTHNY,Bethany,WV,89,1,#007F00,0,40.21,-80.56,3
958,Geneva,Golden Tornadoes,10,GENVA,GENVA,Beaver Falls,PA,89,1,#000000,0,40.77,-80.32,3
959,Grove City,Wolverines,10,GROVE,GROVE,Grove City,PA,89,1,#DD0000,0,41.16,-80.08,3
960,St. Vincent,Bearcats,10,STVIN,STVIN,Latrobe,PA,89,1,#007F00,0,40.29,-79.41,3
961,Thiel,Tomcats,10,THIEL,THIEL,Greenville,PA,89,1,#0000FF,0,41.41,-80.38,3
962,Thomas More,Saints,10,TMORE,TMORE,Crestview Hills,KY,89,1,#0000FF,0,39.02,-84.57,3
963,Washington & Jefferson,Presidents,10,WSHJF,WSHJF,Washington,PA,89,1,#FF0000,0,40.17,-80.24,3
964,Waynesburg,Yellow Jackets,10,WAYNE,WAYNE,Waynesburg,PA,89,1,#FF7600,0,39.9,-80.19,3
965,Westminster (PA),Titans,10,WESTP,WESTP,New Wilmington,PA,89,1,#0000FF,0,41.12,-80.32,3
966,Farmingdale State,Rams,10,FARMS,FARMS,Farmingdale,NY,90,1,#007F00,0,40.75,-73.43,3
967,Mount St. Mary,Blue Knights,10,MTSTM,MTSTM,Newburgh,NY,90,1,#000000,0,41.51,-74.01,3
968,Mount St. Vincent,Dolphins,10,MTSTV,MTSTV,Bronx,NY,90,1,#0000FF,0,40.77,-73.96,3
969,NYU-Poly,Bluejays,10,NYPLY,NYPLY,Brooklyn,NY,90,1,#0000FF,0,40.69,-73.99,3
970,Sage,Gators,10,SAGE ,SAGE,Troy,NY,90,1,#007F00,0,42.73,-73.69,3
971,St. Joseph's (LI),Golden Eagles,10,STJLI,STJLI,Patchogue,NY,90,1,#00007F,0,40.78,-73.03,3
972,SUNY-Maritime,Privateers,10,NYMAR,NYMAR,Bronx,NY,90,1,#0000FF,0,40.81,-73.8,3
973,SUNY-Old Westbury,Panthers,10,NYWST,NYWST,Old Westbury,NY,90,1,#007F00,0,40.79,-73.58,3
974,SUNY-Purchase,Panthers,10,NYPCH,NYPCH,Purchase,NY,90,1,#0000FF,0,41.04,-73.7,3
975,Yeshiva,Maccabees,10,YSHVA,YSHVA,New York,NY,90,1,#0000FF,0,40.86,-73.93,3
976,Cal Lutheran,Kingsmen,10,CALLT,CALLT,Thousand Oaks,CA,91,1,#800080,0,34.23,-118.88,3
977,Caltech,Beavers,10,CALTC,CALTC,Pasadena,CA,91,1,#FF7600,0,34.14,-118.12,3
978,Chapman,Panthers,10,CHAP ,CHAP,Orange,CA,91,1,#DD0000,0,33.79,-117.85,3
979,Claremont-Mudd-Scripps,Stags,10,MUDD ,MUDD,Claremont,CA,91,1,#A50000,0,34.1,-117.71,3
980,La Verne,Leopards,10,LAVRN,LAVRN,La Verne,CA,91,1,#007F00,0,34.1,-117.77,3
981,Occidental,Tigers,10,OCCID,OCCID,Los Angeles,CA,91,1,#FF7600,0,34.13,-118.21,3
982,Pomona-Pitzer,Sagehens,10,PMPIT,PMPIT,Claremont,CA,91,1,#0000FF,0,34.1,-117.71,3
983,Redlands,Bulldogs,10,REDLD,REDLD,Redlands,CA,91,1,#A50000,0,34.06,-117.16,3
984,Whittier,Poets,10,WHTTR,WHTTR,Whittier,CA,91,1,#7F007F,0,33.98,-118.03,3
985,Blackburn,Beavers,10,BLKBN,BLKBN,Carlinville,IL,92,1,#FF0000,0,39.29,-89.87,3
986,Eureka,Red Devils,10,EURKA,EURKA,Eureka,IL,92,1,#A50000,0,40.71,-89.27,3
987,Fontbonne,Griffins,10,FNTBN,FNTBN,St. Louis,MO,92,1,#7F007F,0,38.64,-90.31,3
988,Greenville,Panthers,10,GRNVL,GRNVL,Greenville,IL,92,1,#FF7600,0,38.89,-89.41,3
989,MacMurray,Highlanders,10,MCMRY,MCMRY,Jacksonville,IL,92,1,#00007F,0,39.73,-90.22,3
990,Principia,Panthers,10,PRINC,PRINC,Elsah,IL,92,1,#0000FF,0,38.95,-90.35,3
991,Spalding,Golden Eagles,10,SPALD,SPALD,Louisville,KY,92,1,#0000FF,0,38.24,-85.76,3
992,Webster,Gorloks,10,WBSTR,WBSTR,Webster Groves,MO,92,1,#00007F,0,38.59,-90.34,3
993,Westminster (MO),Blue Jays,10,WESTM,WESTM,Fulton,MO,92,1,#0000FF,0,38.85,-91.96,3
994,Brandeis,Judges,10,BRNDS,BRNDS,Waltham,MA,93,1,#0000FF,222,42.37,-71.26,3
995,Carnegie Mellon,Tartans,10,CRNML,CRNML,Pittsburgh,PA,93,1,#DD0000,257,40.44,-79.94,3
996,Case Western Reserve,Spartans,10,CWRU ,CWRU,Cleveland,OH,93,1,#0000FF,293,41.51,-81.6,3
997,Chicago,Maroons,10,CHI  ,CHI,Chicago,IL,93,1,#A50000,172,41.79,-87.6,3
998,Emory,Eagles,10,EMORY,EMORY,Atlanta,GA,93,1,#0000FF,225,33.8,-84.32,3
999,NYU,Violets,10,NYU  ,NYU,New York,NY,93,1,#7F007F,108,40.73,-74,3
1000,Rochester,Yellowjackets,10,ROCH ,ROCH,Rochester,NY,93,1,#0000FF,31,43.12,-77.63,3
1001,Washington (StL),Bears,10,WASHU,WASHU,St. Louis,MO,93,1,#FF0000,40,38.64,-90.26,3
1002,Bethany Lutheran,Vikings,10,BTHLT,BTHLT,Mankato,MN,94,1,#FF0000,0,44.17,-93.99,3
1003,Crown,Storm,10,CROWN,CROWN,St. Bonifacius,MN,94,1,#7F007F,0,44.89,-93.74,3
1004,Martin Luther,Knights,10,MLUTH,MLUTH,New Ulm,MN,94,1,#000000,0,44.31,-94.47,3
1005,Minnesota-Morris,Cougars,10,MNMOR,MNMOR,Morris,MN,94,1,#A50000,0,45.59,-95.9,3
1006,North Central (MN),Rams,10,NCENU,NCENU,Minneapolis,MN,94,1,#00007F,0,44.97,-93.26,3
1007,Northland,Lumberjacks,10,NRTHL,NRTHL,Ashland,WI,94,1,#000000,0,46.58,-90.87,3
1008,Northwestern (MN),Eagles,10,NRTWS,NRTWS,Roseville,MN,94,1,#7F007F,0,45.03,-93.17,3
1009,St. Scholastica,Saints,10,STSCH,STSCH,Duluth,MN,94,1,#0000FF,0,46.81,-92.1,3
1010,Averett,Cougars,10,AVRET,AVRET,Danville,VA,95,1,#00007F,0,36.58,-79.41,3
1011,Christopher Newport,Eagles,10,CNU  ,CNU,Newport News,VA,95,1,#0000FF,0,37.06,-76.49,3
1012,Ferrum,Panthers,10,FERUM,FERUM,Ferrum,VA,95,1,#000000,0,36.93,-80.02,3
1013,Greensboro,Pride,10,GRNBO,GRNBO,Greensboro,NC,95,1,#007F00,0,36.07,-79.8,3
1014,LaGrange,Panthers,10,LAGRN,LAGRN,LaGrange,GA,95,1,#FF0000,0,33.04,-85.04,3
1015,Maryville (TN),Scots,10,MRYVL,MRYVL,Maryville,TN,95,1,#FF7600,0,35.75,-83.98,3
1016,Methodist,Monarchs,10,METH ,METH,Fayetteville,NC,95,1,#007F00,0,35.13,-78.87,3
1017,North Carolina Wesleyan,Battling Bishops,10,NCWES,NCWES,Rocky Mount,NC,95,1,#0000FF,0,36.02,-77.77,3
1018,Piedmont,Lions,10,PIED ,PIED,Demorest,GA,95,1,#007F00,0,34.57,-83.54,3
1019,UW-Eau Claire,Blugolds,10,UWECL,UWECL,Eau Claire,WI,96,1,#0000FF,0,44.8,-91.5,3
1020,UW-La Crosse,Eagles,10,UWLAC,UWLAC,La Crosse,WI,96,1,#A50000,0,43.82,-91.23,3
1021,UW-Oshkosh,Titans,10,UWOSH,UWOSH,Oshkosh,WI,96,1,#000000,0,44.02,-88.55,3
1022,UW-Platteville,Pioneers,10,UWPLT,UWPLT,Platteville,WI,96,1,#FF7600,0,42.73,-90.49,3
1023,UW-River Falls,Falcons,10,UWRVF,UWRVF,River Falls,WI,96,1,#FF0000,0,44.85,-92.62,3
1024,UW-Stevens Point,Pointers,10,UWSTV,UWSTV,Stevens Point,WI,96,1,#7F007F,0,44.53,-89.57,3
1025,UW-Stout,Blue Devils,10,UWSTO,UWSTO,Menomonie,WI,96,1,#00007F,0,44.87,-91.93,3
1026,UW-Superior,Yellow Jackets,10,UWSUP,UWSUP,Superior,WI,96,1,#000000,0,46.71,-92.09,3
1027,UW-Whitewater,Warhawks,10,UWWHT,UWWHT,Whitewater,WI,96,1,#7F007F,0,42.84,-88.74,3
1028,Berry,Vikings,10,BERRY,BERRY,Mount Berry,GA,97,1,#0000FF,0,34.29,-85.19,3
1029,Birmingham-Southern,Panthers,10,BIRSO,BIRSO,Birmingham,AL,97,1,#000000,0,33.51,-86.86,3
1030,Centre,Colonels,10,CENTR,CENTR,Danville,KY,97,1,#827F00,0,37.64,-84.78,3
1031,Hendrix,Warriors,10,HNDRX,HNDRX,Conway,AR,97,1,#FF7600,0,35.1,-92.44,3
1032,Millsaps,Majors,10,MILLS,MILLS,Jackson,MS,97,1,#7F007F,0,32.32,-90.18,3
1033,Oglethorpe,Stormy Petrels,10,OGLTP,OGLTP,Atlanta,GA,97,1,#000000,0,33.88,-84.34,3
1034,Rhodes,Lynx,10,RHODE,RHODE,Memphis,TN,97,1,#FF0000,0,35.16,-89.99,3
1035,Rhodes,Tigers,10,SEWAN,SEWAN,Sewanee,TN,97,1,#7F007F,0,35.2,-85.92,3
1036,Austin,Kangaroos,10,AUSTN,AUSTN,Sherman,TX,98,1,#DD0000,0,33.65,-96.6,3
1037,Centenary (LA),Gents,10,CNTYL,CNTYL,Shreveport,LA,98,1,#A50000,0,32.48,-93.73,3
1038,Colorado College,Tigers,10,COCOL,COCOL,Colorado Springs,CO,98,1,#000000,0,38.85,-104.83,3
1039,Dallas,Crusaders,10,UDAL ,UDAL,Irving,TX,98,1,#00007F,0,32.85,-96.92,3
1040,Southwestern,Pirates,10,SWSTN,SWSTN,Georgetown,TX,98,1,#000000,0,30.64,-97.67,3
1041,Trinity (TX),Tigers,10,TRNTX,TRNTX,San Antonio,TX,98,1,#A50000,0,29.46,-98.48,3
1042,South Dakota Mines,Hardrockers,1,SDMINES,SDMINES,Rapid City,SD,56,1,#A50000,0,44.26,103.12,3
1043,Virginia-Wise,Highland Cavaliers,1,WISE,WISE,Wise,VA,56,1,#A50000,0,36.58,82.33,3
1044,Cedarville,Yellowjackets,1,CVILLE,CVILLE,Cedarville,OH,99,1,#A50000,0,39.44,83.48,1
1045,Central State,Maurauders,1,CSTATE,CSTATE,Wilberforce,OH,99,1,#A50000,0,39.42,83.52,1
1046,Georgetown (KY),Tigers,1,GTOWN,GTOWN,Georgetown,KY,99,1,#A50000,0,38.12,84.33,1
1047,Trevecca Nazarene,Trojans,1,VECCA,VECCA,Nashville,TN,99,1,#A50000,0,36.1,86.47,1
