46,,,,,,,,
ID,Name,Teams,Day1,Day2,Day3,Day4,Prestige,Host
1,Coaches Invitational,16,11,12,21,22,3,0
2,GDS Tip-off Tourney,4,12,14,0,0,1,0
3,Preseason FBIT,16,15,17,27,32,3,0
4,Maui Shootout,8,25,26,27,0,3,0
5,Top of the Globe Invitational,8,21,23,25,0,1,0
6,Rainbow Invitiational,8,67,68,69,0,1,0
7,Las Vegas Shootout,16,65,67,71,72,2,0
8,San Juan Classic,8,76,77,81,0,2,0
9,Travelers Invitiational,4,12,14,0,0,2,0
10,College Classic,4,12,14,0,0,2,0
11,Vision Classic,4,13,15,0,0,1,0
12,GDS Classic,16,13,15,25,26,2,0
13,Philadelphia Invitational,8,21,23,25,0,3,0
14,Island Invitational,8,26,31,33,0,1,0
15,Legends Invitational,4,17,21,31,33,2,0
16,Youth Invitational,4,21,23,0,0,2,0
17,Tennessee Challenge,4,21,23,0,0,1,0
18,Puerto Rico Challenge,8,21,23,25,0,2,0
19,GDS Invitational,4,22,24,0,0,1,0
20,Paradise Shootout,8,21,23,25,0,3,0
21,Las Vegas Challenge,8,22,24,32,33,2,0
22,Alaska Invitational,8,26,27,28,0,2,0
23,Orlando Classic,8,31,33,34,0,1,0
24,Anaheim Invitational,8,31,33,34,0,2,0
25,Boulder Classic,4,32,34,0,0,1,0
26,Disney Classic,4,14,16,0,0,3,0
27,D3hoops.com Classic,8,85,86,87,0,2,0
28,Daytona Beach Shootout,8,75,76,77,0,2,0
29,San Juan Classic,4,75,76,0,0,3,0
30,ECAC Holiday Invitational,8,85,86,87,0,1,0
31,Tom Byron Classic,4,86,87,0,0,2,0
32,North Country Invitational,4,26,27,0,0,3,202
33,Adidas Holiday Slamwill,8,76,77,81,0,2,0
34,Weenie Miller Memorial,4,86,87,0,0,3,384
35,North Star Tip-Off,4,26,27,0,0,3,88
36,White Rose City Classic,4,86,87,0,0,3,341
37,Poet Classic,4,86,87,0,0,3,14
38,Bon Apetit Classic Tip-Off,8,26,27,31,0,3,0
39,Don Glick Classic,4,66,67,0,0,2,379
40,Hoopsville National Classic,8,26,27,31,0,2,101
41,Puget Sound Tip-Off Classic,4,26,27,0,0,3,375
42,Washington Credit Union Invitational,4,27,31,0,0,3,335
43,Lon Varnell Classic,4,57,61,0,0,3,349
44,Rotary International Tip-Off,4,26,27,0,0,3,300
45,Chuck Resler Invitational,4,26,27,0,0,3,225
46,Homewood Suites Tip-Off,4,26,27,0,0,3,314
