343,,,,,,,,,,,,,,
ID,Name,Mascot,Prestige,Abbr,Logo,City,State,Conference,Division,TeamColor,TravelPart,Lat,Long,Academics
1,Albany,Great Danes,13,ALBNY,albany,Albany,NY,1,1,#331165,0,42.66,-73.78,1
2,Binghamton,Bearcats,23,BINGH,binghamton,Binghamton,NY,1,1,#00614A,0,42.1,-75.91,1
3,Boston University,Terriers,42,BOSU ,bostonu,Boston,MA,1,1,#CC0000,0,42.32,-71.09,1
4,Hartford,Hawks,61,HRTFD,hartford,West Hartford,CT,1,1,#D60008,0,41.76,-72.74,1
5,Maine,Black Bears,4,MAINE,maine,Orono,ME,1,1,#0099CC,0,44.89,-68.67,1
6,New Hampshire,Wildcats,8,NH   ,newhampshire,Durham,NH,1,1,#004371,0,43.14,-70.93,1
7,Stony Brook,Seawolves,8,STBR ,stonybrook,Stony Brook,NY,1,1,#003559,0,40.91,-73.13,1
8,UMBC,Retrievers,27,UMBC ,umbc,Baltimore,MD,1,1,#DA2C5F,0,39.31,-76.62,1
9,Vermont,Catamounts,37,VRMT ,vermont,Burlington,VT,1,1,#214231,0,44.48,-73.22,1
10,Charlotte,49ers,61,CHRLT,charlotte,Charlotte,NC,2,1,#0C562D,0,35.21,-80.83,1
11,Dayton,Flyers,65,DYTN ,dayton,Dayton,OH,2,1,#E50B0D,0,39.76,-84.2,1
12,Duquesne,Dukes,55,DQSN ,duquesne,Pittsburgh,PA,2,1,#283A61,0,40.44,-79.98,1
13,Fordham,Rams,9,FDHM ,fordham,New York,NY,2,1,#A50019,0,40.7,-73.92,1
14,George Washington,Colonials,40,GGWA ,georgewashington,Washington,DC,2,1,#002843,0,38.91,-77.01,1
15,La Salle,Explorers,24,LASAL,lasalle,Philadelphia,PA,2,1,#000063,0,40,-75.14,1
16,Massachusetts,Minutewomen,22,UMASS,massachusetts,Amherst,MA,2,1,#AC0D1E,0,42.38,-72.52,1
17,Rhode Island,Rams,17,RI   ,rhodeisland,Kingston,RI,2,1,#003559,0,41.48,-71.53,1
18,Richmond,Spiders,60,RICHM,richmond,Richmond,VA,2,1,#004371,0,37.54,-77.46,1
19,Saint Joseph's,Hawks,51,STJOE,stjosephs,Philadelphia,PA,2,1,#BB003A,0,40,-75.14,1
20,Saint Louis,Billikens,22,STL  ,saintlouis,St. Louis,MO,2,1,#00428C,0,38.63,-90.24,1
21,St. Bonaventure,Bonnies,59,STBN ,stbonaventure,St. Bonaventure,NY,2,1,#712A1B,0,42.08,-78.47,1
22,Temple,Owls,75,TMPL ,temple,Philadelphia,PA,2,1,#BC0138,0,40,-75.14,1
23,Xavier,Musketeers,81,XAVR ,xavier,Cincinnati,OH,2,1,#004B80,0,39.14,-84.5,1
24,Boston College,Eagles,64,BSCOL,bostoncollege,Newton,MA,3,1,#222222,0,42.34,-71.21,1
25,Clemson,Lady Tigers,47,CLMSN,clemson,Clemson,SC,3,1,#F35B0F,0,34.68,-82.81,1
26,Duke,Blue Devils,90,DUKE ,duke,Durham,NC,3,1,#004A7B,0,35.99,-78.91,1
27,Florida State,Seminoles,79,FLST ,floridastate,Tallahassee,FL,3,1,#B72931,0,30.45,-84.27,1
28,Georgia Tech,Yellow Jackets,74,GATC ,georgiatech,Atlanta,GA,3,1,#CFB53B,0,33.76,-84.4,1
29,Maryland,Terrapins,83,MD   ,maryland,College Park,MD,3,1,#D60039,0,39,-76.93,1
30,Miami,Hurricanes,58,MIAMI,miami,Coral Gables,FL,3,1,#004325,0,25.73,-80.27,1
31,North Carolina,Tar Heels,82,NC   ,northcarolina,Chapel Hill,NC,3,1,#5FB1E0,0,35.93,-79.04,1
32,North Carolina State,Wolfpack,62,NC ST,northcarolinastate,Raleigh,NC,3,1,#D60039,0,35.82,-78.64,1
33,Virginia,Cavaliers,73,VA   ,virginia,Charlottesville,VA,3,1,#101084,0,38.03,-78.49,1
34,Virginia Tech,Hokies,44,VATC ,virginiatech,Blacksburg,VA,3,1,#7B2129,0,37.23,-80.42,1
35,Wake Forest,Demon Deacons,51,WAKE ,wakeforest,Winston-Salem,NC,3,1,#E3A444,0,36.1,-80.26,1
36,Belmont,Bruins,23,BLMNT,belmont,Nashville,TN,4,1,#182142,0,36.15,-86.76,1
37,Campbell,Lady Camels,11,CPBL ,campbell,Buies Creek,NC,4,1,#FF7F00,0,35.41,-78.74,1
38,East Tennessee State,Lady Bucs,54,ETNST,easttennesseestate,Johnson City,TN,4,1,#070674,0,36.34,-82.37,1
39,Florida Gulf Coast,Eagles,14,FGC  ,floridagulfcoast,Fort Myers,FL,4,1,#1D5083,0,26.64,-81.87,1
40,Jacksonville,Dolphins,24,JK   ,jacksonville,Jacksonville,FL,4,1,#008568,0,30.32,-81.66,1
41,Kennesaw State,Lady Owls,16,KNST ,kennstate,Kennesaw,GA,4,1,#FEBC11,0,34.02,-84.3,1
42,Lipscomb,Lady Bisons,4,LPSCM,lipscomb,Nashville,TN,4,1,#20366C,0,36.15,-86.76,1
43,Mercer,Bears,10,MRCR ,mercer,Macon,GA,4,1,#FF7F29,0,32.83,-83.65,1
44,North Florida,Ospreys,11,NFL  ,northflorida,Jacksonville,FL,4,1,#000098,0,30.33,-81.66,1
45,Stetson,Hatters,9,STSN ,stetson,De Land,FL,4,1,#18581C,0,29.03,-81.3,1
46,USC Upstate,Spartans,11,USCU ,uscupstate,Spartanburg,SC,4,1,#2B5F49,0,34.95,-81.93,1
47,Baylor,Lady Bears,87,BAYLR,baylor,Waco,TX,5,1,#00844A,0,31.55,-97.16,1
48,Iowa State,Cyclones,77,IAST ,iowastate,Ames,IA,5,1,#BA0A2B,0,42.03,-93.63,1
49,Kansas,Jayhawks,63,KS   ,kansas,Lawrence,KS,5,1,#0337B4,0,38.96,-95.25,1
50,Kansas State,Wildcats,69,KS ST,kansasstate,Manhattan,KS,5,1,#633194,0,39.19,-96.59,1
51,Missouri,Tigers,50,MO   ,missouri,Columbia,MO,5,1,#232323,0,38.95,-92.33,1
52,Oklahoma,Sooners,85,OK   ,oklahoma,Norman,OK,5,1,#7B0000,0,35.22,-97.42,1
53,Oklahoma State,Cowgirls,68,OK ST,oklahomastate,Stillwater,OK,5,1,#FF7300,0,36.16,-97.09,1
54,Texas,Longhorns,77,TX   ,texas,Austin,TX,5,1,#EF7321,0,30.3,-97.75,1
55,Texas A&M,Aggies,89,TXAM ,texasam,College Station,TX,5,1,#6A3333,0,30.6,-96.31,1
56,Texas Tech,Lady Raiders,66,TXTC ,texastech,Lubbock,TX,5,1,#D60039,0,33.56,-101.88,1
57,Cincinnati,Bearcats,40,CINN ,cincinnati,Cincinnati,OH,6,1,#252525,0,39.14,-84.5,1
58,Connecticut,Huskies,96,UCONN,connecticut,Storrs,CT,6,1,#091D5A,0,41.81,-72.26,1
59,DePaul,Blue Demons,79,DEPL ,depaul,Chicago,IL,6,1,#2D649C,0,41.84,-87.68,1
60,Georgetown,Hoyas,72,GTOWN,georgetown,Washington,DC,6,1,#4B4B7C,0,38.91,-77.01,1
61,Louisville,Cardinals,78,LSVLE,louisville,Louisville,KY,6,1,#DE0018,0,38.23,-85.75,1
62,Marquette,Golden Eagles,69,MRQT ,marquette,Milwaukee,WI,6,1,#083963,0,43.05,-87.96,1
63,Notre Dame,Fighting Irish,85,ND   ,notredame,South Bend,IN,6,1,#313A98,0,41.67,-86.26,1
64,Pittsburgh,Panthers,66,PITT ,pittsburgh,Pittsburgh,PA,6,1,#313169,0,40.44,-79.98,1
65,Providence,Friars,49,PRVD ,providence,Providence,RI,6,1,#6C6468,0,41.82,-71.42,1
66,Rutgers,Scarlet Knights,81,RTGRS,rutgers,New Brunswick,NJ,6,1,#FF3B2F,0,40.49,-74.45,1
67,Seton Hall,Pirates,39,STNHL,setonhall,South Orange,NJ,6,1,#3142AD,0,40.75,-74.26,1
68,South Florida,Bulls,54,STFL ,southflorida,Tampa,FL,6,1,#004231,0,27.97,-82.46,1
69,St. John's,Red Storm,71,STJN ,stjohns,New York,NY,6,1,#E24552,0,40.7,-73.92,1
70,Syracuse,Orange,63,SYR  ,syracuse,Syracuse,NY,6,1,#FF6318,0,43.05,-76.14,1
71,Villanova,Wildcats,54,VLNV ,villanova,Villanova,PA,6,1,#851C52,0,40.04,-75.35,1
72,West Virginia,Mountaineers,76,WVU  ,westvirginia,Morgantown,WV,6,1,#395AB5,0,39.63,-79.95,1
73,Eastern Washington,Eagles,13,EWASH,easternwashington,Cheney,WA,7,1,#D72D35,0,47.49,-117.58,1
74,Idaho State,Bengals,33,IDST ,idahostate,Pocatello,ID,7,1,#EF8C00,0,42.88,-112.45,1
75,Montana,Lady Griz,48,MT   ,montana,Missoula,MT,7,1,#63104A,0,46.86,-114.01,1
76,Montana State,Bobcats,35,MT ST,montanastate,Bozeman,MT,7,1,#010670,0,45.68,-111.05,1
77,North Dakota,Fighting Sioux,0,NDK  ,northdakota,Grand Forks,ND,7,1,#017338,0,47.93,-97.03,1
78,Northern Arizona,Lumberjacks,10,NTHAZ,northernarizona,Flagstaff,AZ,7,1,#001894,0,35.2,-111.63,1
79,Northern Colorado,Bears,18,NCOL ,northerncolorado,Greeley,CO,7,1,#000066,0,40.42,-104.71,1
80,Portland State,Vikings,41,PTLST,portlandstate,Portland,OR,7,1,#005E60,0,45.52,-122.64,1
81,Sacramento State,Hornets,6,SACST,sacramentostate,Sacramento,CA,7,1,#145F52,0,38.56,-121.47,1
82,Southern Utah,Thunderbirds,5,SUTH ,southernutah,Cedar City,UT,7,1,#D10000,0,37.68,-113.07,1
83,Weber State,Wildcats,7,WBST ,weberstate,Ogden,UT,7,1,#18005A,0,41.23,-111.96,1
84,Charleston Southern,Buccaneers,14,CHSTH,charlestonsouthern,Charleston,SC,8,1,#2E3192,85,32.79,-79.99,1
85,Coastal Carolina,Chanticleers,19,CSTCA,coastalcarolina,Conway,SC,8,1,#59A0A0,84,33.84,-79.06,1
86,Gardner Webb,Runnin' Bulldogs,36,GRDWB,gardnerwebb,Boiling Springs,NC,8,1,#CF0000,91,35.25,-81.66,1
87,High Point,Panthers,29,HHPT ,highpoint,High Point,NC,8,1,#6E00A5,90,35.97,-80,1
88,Liberty,Lady Flames,59,LBRTY,liberty,Lynchburg,VA,8,1,#000073,0,37.4,-79.17,1
89,Presbyterian,Blue Hose,1,PRS  ,presbyterian,Clinton,SC,8,1,#013082,92,34.47,-81.88,1
90,Radford,Highlanders,21,RDFD ,radford,Radford,VA,8,1,#BD1818,87,37.13,-80.57,1
91,UNC Asheville,Bulldogs,9,NCAS ,uncasheville,Asheville,NC,8,1,#092575,86,35.58,-82.56,1
92,Winthrop,Lady Eagles,16,WTHP ,winthrop,Rock Hill,SC,8,1,#9E0B0E,89,34.94,-81.03,1
93,Illinois,Illini,53,IL   ,illinois,Champaign,IL,9,1,#F77329,0,40.11,-88.26,1
94,Indiana,Hoosiers,53,IN   ,indiana,Bloomington,IN,9,1,#DE3129,0,39.16,-86.53,1
95,Iowa,Hawkeyes,71,IOWA ,iowa,Iowa City,IA,9,1,#232323,0,41.66,-91.52,1
96,Michigan,Wolverines,59,MICH ,michigan,Ann Arbor,MI,9,1,#292942,0,42.27,-83.74,1
97,Michigan State,Spartans,78,MI ST,michiganstate,East Lansing,MI,9,1,#226B31,0,42.74,-84.48,1
98,Minnesota,Golden Gophers,56,MINN ,minnesota,Minneapolis,MN,9,1,#752132,0,44.96,-93.27,1
99,Nebraska,Huskers,70,NEB  ,nebraska,Lincoln,NE,9,1,#FE0D04,0,40.81,-96.68,1
100,Northwestern,Wildcats,41,NW   ,northwestern,Evanston,IL,9,1,#372286,0,42.05,-87.69,1
101,Ohio State,Buckeyes,83,OH ST,ohiostate,Columbus,OH,9,1,#DE3129,0,39.99,-82.99,1
102,Penn State,Lady Lions,60,PA ST,pennstate,State College,PA,9,1,#29294A,0,40.79,-77.86,1
103,Purdue,Boilermakers,70,PRDUE,purdue,West Lafayette,IN,9,1,#211818,0,40.44,-86.91,1
104,Wisconsin,Badgers,65,WI   ,wisconsin,Madison,WI,9,1,#C32122,0,43.07,-89.39,1
105,Cal Poly,Mustangs,33,CLPLY,calpoly,San Luis Obispo,CA,10,1,#083808,0,35.27,-120.66,1
106,Cal State Fullerton,Titans,15,CSFTN,calstatefullerton,Fullerton,CA,10,1,#10219C,0,33.88,-117.93,1
107,Cal State Northridge,Matadors,2,CSNTH,calstatenorthridge,Northridge,CA,10,1,#B50000,0,34.23,-118.54,1
108,Hawaii,Rainbow Wahine,17,HI   ,hawaii,Honolulu,HI,10,1,#004231,0,21.31,-157.83,1
109,Long Beach State,49ers,10,LB ST,longbeachstate,Long Beach,CA,10,1,#232323,0,33.8,-118.16,1
110,Pacific,Tigers,8,PCFC ,pacific,Stockton,CA,10,1,#FF5109,0,37.98,-121.3,1
111,UC Davis,Aggies,39,UCD  ,ucdavis,Davis,CA,10,1,#1B265C,0,38.55,-121.74,1
112,UC Irvine,Anteaters,12,UCIR ,ucirvine,Irvine,CA,10,1,#00108C,0,33.68,-117.79,1
113,UC Riverside,Highlanders,45,UCRV ,ucriverside,Riverside,CA,10,1,#13214E,0,33.95,-117.4,1
114,UC Santa Barbara,Gauchos,47,UCSB ,ucsantabarbara,Santa Barbara,CA,10,1,#101084,0,34.43,-119.71,1
115,Delaware,Blue Hens,49,DLWR ,delaware,Newark,DE,11,1,#285998,0,39.68,-75.76,1
116,Drexel,Dragons,52,DRXL ,drexel,Philadelphia,PA,11,1,#020260,0,40,-75.14,1
117,George Mason,Patriots,18,GGMSN,georgemason,Fairfax,VA,11,1,#016600,0,38.85,-77.3,1
118,Georgia State,Panthers,26,GAST ,georgiastate,Atlanta,GA,11,1,#1E539A,0,33.76,-84.4,1
119,Hofstra,Pride,40,HFSTR,hofstra,Hempstead,NY,11,1,#27297C,0,40.7,-73.62,1
120,James Madison,Dukes,70,JMMAD,jamesmadison,Harrisonburg,VA,11,1,#0F1358,0,38.44,-78.87,1
121,Northeastern,Huskies,27,NTHES,northeastern,Boston,MA,11,1,#D72D35,0,42.32,-71.09,1
122,Old Dominion,Lady Monarchs,66,OLDDM,olddominion,Norfolk,VA,11,1,#00507D,0,36.89,-76.26,1
123,Towson,Tigers,38,TWSN ,towson,Towson,MD,11,1,#F3AE22,0,39.39,-76.61,1
124,UNC Wilmington,Seahawks,43,NCWM ,uncwilmington,Wilmington,NC,11,1,#1D2F68,0,34.22,-77.91,1
125,VCU,Rams,62,VACM ,virginiacommonwealth,Richmond,VA,11,1,#F8B800,0,37.54,-77.46,1
126,William & Mary,Tribe,25,WM   ,williammary,Williamsburg,VA,11,1,#00423E,0,37.27,-76.71,1
127,Central Florida,Knights,41,CFL  ,centralflorida,Orlando,FL,12,1,#222222,0,28.53,-81.38,1
128,East Carolina,Pirates,48,ESTCA,eastcarolina,Greenville,NC,12,1,#4B1869,0,35.6,-77.37,1
129,Houston,Cougars,58,HOU  ,houston,Houston,TX,12,1,#E73139,0,29.76,-95.38,1
130,Marshall,Thundering Herd,29,MRSHL,marshall,Huntington,WV,12,1,#186329,0,38.41,-82.43,1
131,Memphis,Tigers,33,MMPHS,memphis,Memphis,TN,12,1,#29299C,0,35.12,-89.97,1
132,Rice,Owls,36,RICE ,rice,Houston,TX,12,1,#00315A,0,29.76,-95.38,1
133,Southern Methodist,Mustangs,52,SMU  ,southernmethodist,Dallas,TX,12,1,#E73139,0,32.8,-96.79,1
134,Southern Mississippi,Lady Eagles,27,SMIS ,southernmississippi,Hattiesburg,MS,12,1,#B67A52,0,31.32,-89.31,1
135,Tulane,Green Wave,57,TLNE ,tulane,New Orleans,LA,12,1,#084A38,0,29.97,-90.06,1
136,Tulsa,Golden Hurricane,23,TLSA ,tulsa,Tulsa,OK,12,1,#004273,0,36.13,-95.94,1
137,UAB,Blazers,38,UAB  ,uab,Birmingham,AL,12,1,#006117,0,33.52,-86.81,1
138,UTEP,Miners,46,UTEP ,utep,El Paso,TX,12,1,#FF7339,0,31.79,-106.42,1
139,Cal State Bakersfield,Roadrunners,18,CSBK ,calbakersfield,Bakersfield,CA,13,1,#002157,0,35.37,-119.02,1
140,Longwood,Lancers,3,LNG  ,longwood,Farmville,VA,13,1,#02356A,0,37.3,-78.39,1
141,North Carolina Central,Lady Eagles,2,NCC  ,northcarolinacentral,Durham,NC,13,1,#670001,0,35.99,-78.9,1
142,Savannah State,Lady Tigers,4,SAVST,savannahstate,Savannah,GA,13,1,#330099,0,32.04,-81.07,1
143,Seattle,Redhawks,0,SEA  ,seattleu,Seattle,WA,13,1,#A42822,0,47.61,-122.33,1
144,Chicago State,Cougars,19,CH ST,chicagostate,Chicago,IL,33,1,#006700,0,41.84,-87.68,1
145,Houston Baptist,Huskies,1,HBU  ,houstonbaptist,Houston,TX,33,1,#CE4122,0,29.76,-95.36,1
146,NJIT,Highlanders,2,NJIT ,njit,Newark,NJ,33,1,#900108,0,40.74,-74.17,1
147,Texas-Pan American,Broncs,5,TXPA ,texaspanamerican,Edinburg,TX,33,1,#DC6000,0,26.3,-98.16,1
148,Utah Valley,Wolverines,1,UTV  ,utahvalley,Orem,UT,33,1,#004812,0,40.3,-111.69,1
149,Butler,Bulldogs,49,BTLR ,butler,Indianapolis,IN,14,1,#0D1361,156,39.79,-86.15,1
150,Cleveland State,Vikings,42,CLST ,clevelandstate,Cleveland,OH,14,1,#006633,158,41.48,-81.67,1
151,Detroit,Titans,27,DTRT ,detroit,Detroit,MI,14,1,#165B9E,157,42.39,-83.1,1
152,Green Bay,Phoenix,72,GBAY ,greenbay,Green Bay,WI,14,1,#006633,155,44.51,-88.02,1
153,Illinois-Chicago,Flames,28,ILCHI,illinoischicago,Chicago,IL,14,1,#234077,154,41.84,-87.68,1
154,Loyola-IL,Ramblers,16,LYCHI,loyolachicago,Chicago,IL,14,1,#9D1244,153,41.84,-87.68,1
155,Milwaukee,Panthers,28,MILW ,milwaukee,Milwaukee,WI,14,1,#FDBB30,152,43.05,-87.96,1
156,Valparaiso,Crusaders,20,VLPO ,valparaiso,Valparaiso,IN,14,1,#964B00,149,41.48,-87.06,1
157,Wright State,Raiders,30,WRST ,wrightstate,Dayton,OH,14,1,#A36209,151,39.76,-84.2,1
158,Youngstown State,Penguins,4,YNGST,youngstownstate,Youngstown,OH,14,1,#961F22,150,41.1,-80.65,1
159,Brown,Bears,5,BROWN,brown,Providence,RI,15,1,#54413A,166,41.82,-71.42,1
160,Columbia,Lions,17,COLUM,columbia,New York,NY,15,1,#00295A,161,40.7,-73.92,1
161,Cornell,Big Red,9,CRNL ,cornell,Ithaca,NY,15,1,#D60027,160,42.44,-76.5,1
162,Dartmouth,Big Green,20,DTMTH,dartmouth,Hanover,NH,15,1,#005730,163,43.7,-72.28,1
163,Harvard,Crimson,43,HRVRD,harvard,Boston,MA,15,1,#990000,162,42.32,-71.09,1
164,Pennsylvania,Quakers,6,PA   ,pennsylvania,Philadelphia,PA,15,1,#96203D,165,40,-75.14,1
165,Princeton,Tigers,50,PRNC ,princeton,Princeton,NJ,15,1,#FF9408,164,40.35,-74.66,1
166,Yale,Bulldogs,20,YALE ,yale,New Haven,CT,15,1,#004A81,159,41.31,-72.92,1
167,Canisius,Golden Griffins,23,CANSS,canisius,Buffalo,NY,16,1,#004A81,0,42.9,-78.85,1
168,Fairfield,Stags,34,FRFLD,fairfield,Fairfield,CT,16,1,#D82D39,0,41.18,-73.28,1
169,Iona,Gaels,31,IONA ,iona,New Rochelle,NY,16,1,#8C001A,0,40.93,-73.78,1
170,Loyola-Maryland,Greyhounds,31,LY MD,loyolamaryland,Baltimore,MD,16,1,#3F8379,0,39.31,-76.62,1
171,Manhattan,Lady Jaspers,26,MNHTN,manhattan,Riverdale,NY,16,1,#4F8537,0,40.9,-73.9,1
172,Marist,Red Foxes,72,MRST ,marist,Poughkeepsie,NY,16,1,#E53730,0,41.7,-73.92,1
173,Niagara,Purple Eagles,6,NIAGA,niagara,Lewiston,NY,16,1,#641460,0,43.17,-79.04,1
174,Rider,Broncs,3,RIDER,rider,Lawrenceville,NJ,16,1,#C82223,0,40.3,-74.74,1
175,Siena,Saints,21,SIENA,siena,Albany,NY,16,1,#006953,0,42.66,-73.78,1
176,St. Peter's,Peahens,14,STPT ,stpeters,New Brunswick,NJ,16,1,#001555,0,40.49,-74.45,1
177,IPFW,Mastodons,25,IPFW ,ipfw,Fort Wayne,IN,17,1,#00378A,181,41.08,-85.13,1
178,IUPUI,Jaguars,4,IUPUI,indianapurdue,Indianapolis,IN,17,1,#CA3A44,186,39.79,-86.15,1
179,Nebraska-Omaha,Mavericks,0,OMAHA,nebomaha,Omaha,NE,17,1,#E51937,183,41.37,-96.02,1
180,North Dakota State,Bison,30,NDSU ,northdakotastate,Fargo,ND,17,1,#006633,184,46.88,-96.79,1
181,Oakland,Golden Grizzlies,42,OAK  ,oakland,Rochester,MI,17,1,#04091C,177,42.68,-83.13,1
182,Oral Roberts,Golden Eagles,38,ORLRB,oralroberts,Tulsa,OK,17,1,#002955,185,36.13,-95.94,1
183,South Dakota,Coyotes,0,SD   ,southdakota,Vermillion,SD,17,1,#870006,179,42.78,-96.93,1
184,South Dakota State,Jackrabbits,61,SDST ,southdakotastate,Brookings,SD,17,1,#002662,180,44.31,-96.8,1
185,UMKC,Kangaroos,14,UMKC ,umkc,Kansas City,MO,17,1,#004A8B,182,39.08,-94.56,1
186,Western Illinois,Fighting Leathernecks,9,WIL  ,westernillinois,Macomb,IL,17,1,#4E1E8A,178,40.46,-90.67,1
187,Akron,Zips,60,AKRON,akron,Akron,OH,18,1,#0A1E5B,0,41.07,-81.52,1
188,Bowling Green,Falcons,71,BLGRN,bowlinggreen,Bowling Green,OH,18,1,#F04C27,0,41.37,-83.65,1
189,Buffalo,Bulls,21,BUFF ,buffalo,Buffalo,NY,18,1,#004A84,0,42.9,-78.85,1
190,Kent State,Golden Flashes,46,KNTST,kentstate,Kent,OH,18,1,#212142,0,41.15,-81.36,1
191,Miami-Ohio,RedHawks,34,MMIOH,miamiohio,Oxford,OH,18,1,#CE2229,0,39.51,-84.75,1
192,Ohio,Bobcats,26,OHIO ,ohio,Athens,OH,18,1,#006342,0,39.33,-82.1,1
193,Ball State,Cardinals,40,BLST ,ballstate,Muncie,IN,18,2,#DE0000,0,40.19,-85.39,1
194,Central Michigan,Chippewas,37,CMU  ,centralmichigan,Mount Pleasant,MI,18,2,#7B0000,0,43.6,-84.77,1
195,Eastern Michigan,Eagles,47,EMICH,easternmichigan,Ypsilanti,MI,18,2,#385242,0,42.24,-83.62,1
196,Northern Illinois,Huskies,28,NTHIL,northernillinois,DeKalb,IL,18,2,#E73139,0,41.93,-88.75,1
197,Toledo,Rockets,54,TLDO ,toledo,Toledo,OH,18,2,#00275D,0,41.67,-83.58,1
198,Western Michigan,Broncos,18,WMCH ,westernmichigan,Kalamazoo,MI,18,2,#514B52,0,42.28,-85.58,1
199,Bethune-Cookman,Lady Wildcats,5,BTHCK,bethunecookman,Daytona Beach,FL,19,1,#7B1831,0,29.21,-81.04,1
200,Coppin State,Eagles,24,CPST ,coppinstate,Baltimore,MD,19,1,#2E3192,0,39.31,-76.62,1
201,Delaware State,Lady Hornets,13,DLST ,delawarestate,Dover,DE,19,1,#FF3630,0,39.16,-75.53,1
202,Florida A&M,Lady Rattlers,19,FLAM ,floridaam,Tallahassee,FL,19,1,#FF7329,0,30.45,-84.27,1
203,Hampton,Pirates,43,HAMPT,hampton,Hampton,VA,19,1,#2E3192,0,37.03,-76.36,1
204,Howard,Lady Bison,15,HWRD ,howard,Washington,DC,19,1,#9E0B0E,0,38.91,-77.01,1
205,Maryland-East Shore,Lady Hawks,17,MD ES,marylandeastshore,Princess Anne,MD,19,1,#5C2301,0,38.2,-75.7,1
206,Morgan State,Lady Bears,24,MGNST,morganstate,Baltimore,MD,19,1,#0505AA,0,39.31,-76.62,1
207,Norfolk State,Spartans,1,NRFST,norfolkstate,Norfolk,VA,19,1,#08614F,0,36.89,-76.26,1
208,North Carolina A&T,Aggies,44,NC AT,northcarolinaat,Greensboro,NC,19,1,#0505AA,0,36.08,-79.82,1
209,South Carolina State,Lady Bulldogs,4,SCST ,southcarolinastate,Orangeburg,SC,19,1,#7D1315,0,33.5,-80.86,1
210,Bradley,Braves,39,BRDLY,bradley,Peoria,IL,20,1,#B70002,0,40.72,-89.61,1
211,Creighton,Bluejays,59,CRHTN,creighton,Omaha,NE,20,1,#13299E,0,41.26,-96.01,1
212,Drake,Bulldogs,46,DRAKE,drake,Des Moines,IA,20,1,#0D1361,0,41.59,-93.62,1
213,Evansville,Purple Aces,25,EVNS ,evansville,Evansville,IN,20,1,#663399,0,37.98,-87.55,1
214,Illinois State,Redbirds,65,ILST ,illinoisstate,Normal,IL,20,1,#D72D35,0,40.51,-88.99,1
215,Indiana State,Sycamores,43,IN ST,indianastate,Terre Haute,IN,20,1,#00669A,0,39.47,-87.39,1
216,Missouri State,Lady Bears,48,SWMS ,missouristate,Springfield,MO,20,1,#50011A,0,37.2,-93.29,1
217,Northern Iowa,Panthers,53,NTHIA,northerniowa,Cedar Falls,IA,20,1,#4A015B,0,42.52,-92.45,1
218,Southern Illinois,Salukis,10,SNIL ,southernillinois,Carbondale,IL,20,1,#85283D,0,37.78,-89.25,1
219,Wichita State,Shockers,31,WCST ,wichitastate,Wichita,KS,20,1,#0D0A03,0,37.69,-97.34,1
220,Texas Christian,Horned Frogs,67,TCU  ,tcu,Fort Worth,TX,6,1,#201852,0,32.74,-97.33,1
221,Air Force,Falcons,8,AF   ,airforce,Colorado Springs,CO,21,1,#004A7B,0,38.86,-104.79,1
222,Boise State,Broncos,32,BSST ,boisestate,Boise,ID,21,1,#29299C,0,43.61,-116.24,1
223,Colorado State,Rams,25,COST ,coloradostate,Fort Collins,CO,21,1,#008C73,0,40.56,-105.08,1
224,Fresno State,Bulldogs,64,FRST ,fresnostate,Fresno,CA,21,1,#E73139,0,36.78,-119.79,1
225,Nevada,Wolf Pack,45,NV   ,nevada,Reno,NV,21,1,#084A73,0,39.53,-119.82,1
226,New Mexico,Lobos,52,NM   ,newmexico,Albuquerque,NM,21,1,#FF0000,0,35.11,-106.61,1
227,San Diego State,Aztecs,56,SDGST,sandiegostate,San Diego,CA,21,1,#D60039,0,32.78,-117.15,1
228,UNLV,Lady Rebels,28,UNLV ,unlv,Las Vegas,NV,21,1,#E73139,0,36.19,-115.22,1
229,Wyoming,Cowgirls,58,WY   ,wyoming,Laramie,WY,21,1,#523921,0,41.31,-105.59,1
230,Bryant,Bulldogs,1,BRY  ,bryant,Smithfield,RI,22,1,#866A17,0,41.92,-71.55,1
231,Central Connecticut State,Blue Devils,20,CNCON,centralconnecticut,New Britain,CT,22,1,#1E489C,0,41.67,-72.78,1
232,Fairleigh Dickinson,Knights,15,FADK ,fairleighdickinson,Teaneck,NJ,22,1,#800020,0,40.89,-74.01,1
233,Long Island,Blackbirds,32,LNGIS,longisland,Brookville,NY,22,1,#02183E,0,40.82,-73.57,1
234,Monmouth,Hawks,36,MNMTH,monmouth,West Long Branch,NJ,22,1,#0D217B,0,40.29,-74.02,1
235,Mount St. Mary's,Mountaineers,11,MSMYS,mtsaintmarys,Emmitsburg,MD,22,1,#001259,0,39.7,-77.33,1
236,Quinnipiac,Bobcats,29,QNNP ,quinnipiac,Hamden,CT,22,1,#002162,0,41.31,-72.91,1
237,Robert Morris,Colonials,42,ROBMR,robertmorris,Pittsburgh,PA,22,1,#3D4262,0,40.44,-79.98,1
238,Sacred Heart,Pioneers,45,SACHT,sacredheart,Fairfield,CT,22,1,#BB003A,0,41.18,-73.28,1
239,St. Francis-NY,Terriers,3,SFNY ,stfrancisny,Brooklyn Heights,NY,22,1,#00158C,0,40.69,-73.99,1
240,St. Francis-PA,Red Flash,24,SFPA ,stfrancispa,Loretto,PA,22,1,#A20012,0,40.51,-78.64,1
241,Wagner,Seahawks,6,WGNR ,wagner,New York,NY,22,1,#003E22,0,40.7,-73.92,1
242,Austin Peay,Lady Govs,23,ASTNP,austinpeay,Clarksville,TN,23,1,#8E0B0B,250,36.56,-87.36,1
243,Eastern Illinois,Panthers,37,EILL ,easternillinois,Charleston,IL,23,1,#003399,249,39.49,-88.18,1
244,Eastern Kentucky,Lady Colonels,6,EKTKY,easternkentucky,Richmond,KY,23,1,#800000,246,37.74,-84.29,1
245,Jacksonville State,Gamecocks,6,JKVST,jacksonvillestate,Jacksonville,AL,23,1,#C61018,251,33.82,-85.76,1
246,Morehead State,Eagles,30,MRHDS,moreheadstate,Morehead,KY,23,1,#29109C,244,38.18,-83.44,1
247,Murray State,Racers,21,MRYST,murraystate,Murray,KY,23,1,#182356,252,36.61,-88.32,1
248,SIU Edwardsville,Cougars,0,SIUE ,siue,Edwardsville,IL,23,1,#FF0000,0,38.81,-89.95,1
249,Southeast Missouri State,Redhawks,12,SEMS ,southeastmissouristate,Cape Girardeau,MO,23,1,#CC0000,243,37.31,-89.55,1
250,Tennessee State,Lady Tigers,9,TNST ,tennesseestate,Nashville,TN,23,1,#21398C,242,36.15,-86.76,1
251,Tennessee Tech,Golden Eagles,19,TNTC ,tennesseetech,Cookeville,TN,23,1,#440E62,245,36.16,-85.5,1
252,Tennessee-Martin,Skyhawks,14,TNMN ,tennesseemartin,Martin,TN,23,1,#000099,247,36.34,-88.85,1
253,Arizona,Wildcats,50,AZ   ,arizona,Tucson,AZ,24,1,#102142,254,32.21,-110.92,1
254,Arizona State,Sun Devils,70,AZST ,arizonastate,Tempe,AZ,24,1,#942139,253,33.39,-111.93,1
255,California,Golden Bears,68,CAL  ,california,Berkeley,CA,24,1,#002942,260,37.87,-122.27,1
256,Colorado,Buffaloes,47,CO   ,colorado,Boulder,CO,24,1,#BD9C00,262,40.02,-105.26,1
257,Oregon,Ducks,44,OR   ,oregon,Eugene,OR,24,1,#044520,258,44.06,-123.11,1
258,Oregon State,Beavers,34,OR ST,oregonstate,Corvallis,OR,24,1,#E55302,257,44.57,-123.28,1
259,Southern California,Trojans,67,USC  ,southerncalifornia,Los Angeles,CA,24,1,#A50010,261,34.09,-118.38,1
260,Stanford,Cardinal,91,STAN ,stanford,Stanford,CA,24,1,#B72931,255,37.42,-122.17,1
261,UCLA,Bruins,74,UCLA ,ucla,Los Angeles,CA,24,1,#005A94,259,34.09,-118.38,1
262,Utah,Utes,60,UTAH ,utah,Salt Lake City,UT,24,1,#CE4242,256,40.75,-111.89,1
263,Washington,Huskies,42,WASH ,washington,Seattle,WA,24,1,#3E3468,264,47.63,-122.33,1
264,Washington State,Cougars,28,WAST ,washingtonstate,Pullman,WA,24,1,#94022A,263,46.73,-117.17,1
265,American,Eagles,44,AMER ,american,Washington,DC,25,1,#353C91,0,38.91,-77.01,1
266,Army,Black Knights,19,ARMY ,army,West Point,NY,25,1,#CE9C00,0,41.37,-74.04,1
267,Bucknell,Bison,18,BKNL ,bucknell,Lewisburg,PA,25,1,#000060,0,40.96,-76.89,1
268,Colgate,Raiders,2,COLG ,colgate,Hamilton,NY,25,1,#910028,0,42.83,-75.54,1
269,Holy Cross,Crusaders,20,HLYCR,holycross,Worcester,MA,25,1,#0A0A0A,0,42.27,-71.8,1
270,Lafayette,Leopards,12,LFYTE,lafayette,Easton,PA,25,1,#790000,0,40.69,-75.22,1
271,Lehigh,Mountain Hawks,51,LEHGH,lehigh,Bethlehem,PA,25,1,#6C2B2A,0,40.63,-75.38,1
272,Navy,Midshipmen,25,NAVY ,navy,Annapolis,MD,25,1,#0F1021,0,38.97,-76.5,1
273,Florida,Gators,64,FL   ,florida,Gainesville,FL,26,1,#2A42CE,0,29.67,-82.34,1
274,Georgia,Lady Bulldogs,74,GA   ,georgia,Athens,GA,26,1,#D60022,0,33.96,-83.38,1
275,Kentucky,Wildcats,73,KY   ,kentucky,Lexington,KY,26,1,#003399,0,38.03,-84.49,1
276,South Carolina,Gamecocks,57,SC   ,southcarolina,Columbia,SC,26,1,#8C2633,0,34.02,-81.01,1
277,Tennessee,Lady Vols,93,TENN ,tennessee,Knoxville,TN,26,1,#EE9627,0,35.97,-83.94,1
278,Vanderbilt,Commodores,78,VNDY ,vanderbilt,Nashville,TN,26,1,#997F3D,0,36.15,-86.76,1
279,Alabama,Crimson Tide,41,AL   ,alabama,Tuscaloosa,AL,26,2,#A42D47,0,33.21,-87.53,1
280,Arkansas,Razorbacks,56,AR   ,arkansas,Fayetteville,AR,26,2,#9C1831,0,36.08,-94.16,1
281,Auburn,Tigers,67,AUBRN,auburn,Auburn,AL,26,2,#182942,0,32.6,-85.48,1
282,Louisiana State,Lady Tigers,76,LA ST,louisianastate,Baton Rouge,LA,26,2,#4A0039,0,30.46,-91.14,1
283,Mississippi,Rebels,51,MS   ,mississippi,Oxford,MS,26,2,#101894,0,34.36,-89.53,1
284,Mississippi State,Lady Bulldogs,57,MS ST,mississippistate,Starkville,MS,26,2,#531122,0,33.46,-88.82,1
285,Appalachian State,Mountaineers,39,APST ,appalachianstate,Boone,NC,27,1,#D4A017,0,36.21,-81.67,1
286,Chattanooga,Lady Mocs,55,CHATT,chattanooga,Chattanooga,TN,27,1,#253B81,0,35.05,-85.27,1
287,College of Charleston,Cougars,32,CLCHA,collegeofcharleston,Charleston,SC,27,1,#9E8249,0,32.79,-79.99,1
288,Davidson,Wildcats,35,DAVDS,davidson,Davidson,NC,27,1,#990000,0,35.49,-80.83,1
289,Elon,Phoenix,15,ELON ,elon,Elon,NC,27,1,#020303,0,36.1,-79.51,1
290,Furman,Paladins,12,FRMN ,furman,Greenville,SC,27,1,#4A2184,0,34.84,-82.39,1
291,Georgia Southern,Lady Eagles,32,GASO ,georgiasouthern,Statesboro,GA,27,1,#0A3861,0,32.45,-81.78,1
292,Samford,Bulldogs,50,SMFRD,samford,Birmingham,AL,27,1,#005485,0,33.52,-86.81,1
293,UNC Greensboro,Spartans,22,NCGN ,uncgreensboro,Greensboro,NC,27,1,#21467B,0,36.08,-79.82,1
294,Western Carolina,Catamounts,31,WCA  ,westerncarolina,Cullowhee,NC,27,1,#6E268B,0,35.31,-83.18,1
295,Wofford,Terriers,7,WFFD ,wofford,Spartanburg,SC,27,1,#CFB53B,0,34.95,-81.93,1
296,Central Arkansas,Sugar Bears,7,CNAR ,centralarkansas,Conway,AR,28,1,#750F7D,0,35.09,-92.44,1
297,Lamar,Lady Cardinals,45,LAMAR,lamar,Beaumont,TX,28,1,#EB0E19,0,30.08,-94.13,1
298,McNeese State,Cowgirls,13,MCNST,mcneesestate,Lake Charles,LA,28,1,#004E7F,0,30.21,-93.21,1
299,Nicholls State,Colonels,2,NICST,nichollsstate,Thibodaux,LA,28,1,#2A5074,0,29.79,-90.82,1
300,Northwestern State,Lady Demons,16,NW ST,northwesternstate,Natchitoches,LA,28,1,#68565F,0,31.75,-93.1,1
301,Sam Houston State,Bearkats,12,SMHOU,samhouston,Huntsville,TX,28,1,#0F1249,0,30.71,-95.55,1
302,Southeastern Louisiana,Lady Lions,10,SELA ,southeasternlouisiana,Hammond,LA,28,1,#205228,0,30.5,-90.47,1
303,Stephen F. Austin,Ladyjacks,21,SFA  ,stephenfaustin,Nacogdoches,TX,28,1,#230D3C,0,31.61,-94.65,1
304,Texas A&M-CC,Islanders,11,TXCC ,texasamcorpuschristi,Corpus Christi,TX,28,1,#00639C,0,27.74,-97.4,1
305,Texas-Arlington,Mavericks,31,TXAR ,texasarlington,Arlington,TX,28,1,#004B7C,0,32.71,-97.12,1
306,Alabama A&M,Lady Bulldogs,13,ALAM ,alabamaam,Huntsville,AL,29,1,#790000,307,34.71,-86.6,1
307,Alabama State,Lady Hornets,5,ALST ,alabamastate,Montgomery,AL,29,1,#603913,306,32.36,-86.28,1
308,Alcorn State,Lady Braves,7,ALCST,alcornstate,Lorman,MS,29,1,#630063,314,31.82,-91.19,1
309,Arkansas-Pine Bluff,Lady Lions,3,ARPB ,arkansaspinebluff,Pine Bluff,AR,29,1,#FFBD24,312,34.22,-92.02,1
310,Grambling State,Lady Tigers,5,GRMBL,grambling,Grambling,LA,29,1,#EE8601,311,32.53,-92.71,1
311,Jackson State,Lady Tigers,3,JKNST,jacksonstate,Jackson,MS,29,1,#123297,310,32.32,-90.2,1
312,Mississippi Valley State,Devilettes,8,MSVST,mississippivalleystate,Itta Bena,MS,29,1,#054105,309,33.5,-90.32,1
313,Prairie View A&M,Lady Panthers,35,PV AM,prairieviewam,Prairie View,TX,29,1,#4D0960,315,30.08,-95.99,1
314,Southern,Jaguars,22,STHN ,southern,Baton Rouge,LA,29,1,#291B4C,308,30.46,-91.14,1
315,Texas Southern,Lady Tigers,3,TXSN ,texassouthern,Houston,TX,29,1,#680100,313,29.76,-95.38,1
316,Arkansas State,Red Wolves,37,ARST ,arkansasstate,Jonesboro,AR,30,1,#E81018,0,35.83,-90.69,1
317,Arkansas-Little Rock,Trojans,63,ARLR ,arkansaslittlerock,Little Rock,AR,30,1,#993333,0,34.74,-92.33,1
318,Florida Atlantic,Owls,16,FLATL,floridaatlantic,Boca Raton,FL,30,1,#434390,0,26.37,-80.1,1
319,Florida International,Panthers,30,FLINT,floridainternational,Miami,FL,30,1,#091731,0,25.79,-80.22,1
320,Louisiana-Monroe,Warhawks,26,LAMNR,louisianamonroe,Monroe,LA,30,1,#800000,0,32.51,-92.09,1
321,Middle Tennessee,Blue Raiders,75,MTNST,middletennesseestate,Murfreesboro,TN,30,1,#1842D6,0,35.86,-86.39,1
322,North Texas,Mean Green,14,NTHTX,northtexas,Denton,TX,30,1,#006342,0,33.22,-97.13,1
323,South Alabama,Lady Jags,35,STAL ,southalabama,Mobile,AL,30,1,#004A7B,0,30.68,-88.1,1
324,Troy,Trojans,15,TYST ,troy,Troy,AL,30,1,#843131,0,31.8,-85.97,1
325,UL-Lafayette,Ragin' Cajuns,7,ULLAF,louisianalafayette,Lafayette,LA,30,1,#CE2842,0,30.21,-92.03,1
326,Western Kentucky,Lady Toppers,55,WKY  ,westernkentucky,Bowling Green,KY,30,1,#E51636,0,36.98,-86.44,1
327,Brigham Young,Cougars,60,BYU  ,brighamyoung,Provo,UT,31,1,#002942,0,40.24,-111.66,1
328,Gonzaga,Bulldogs,75,GONZG,gonzaga,Spokane,WA,31,1,#37225F,331,47.67,-117.41,1
329,Loyola Marymount,Lions,34,LYMNT,loyolamarymount,Los Angeles,CA,31,1,#880029,330,34.09,-118.38,1
330,Pepperdine,Waves,48,PPRDN,pepperdine,Malibu,CA,31,1,#009C98,329,34.03,-118.78,1
331,Portland,Pilots,33,PORTL,portland,Portland,OR,31,1,#4200A0,328,45.52,-122.64,1
332,Saint Mary's,Gaels,46,STMRY,saintmarys,Moraga,CA,31,1,#B43D33,333,37.84,-122.12,1
333,San Diego,Toreros,35,SNDGO,sandiego,San Diego,CA,31,1,#0D1361,332,32.78,-117.15,1
334,San Francisco,Dons,7,SF   ,sanfrancisco,San Francisco,CA,31,1,#083123,335,37.76,-122.44,1
335,Santa Clara,Broncos,17,STACL,santaclara,Santa Clara,CA,31,1,#690B0B,334,37.35,-121.97,1
336,Denver,Pioneers,37,DNVR ,denver,Denver,CO,32,1,#9C143D,0,39.73,-104.97,1
337,Idaho,Vandals,22,ID   ,idaho,Moscow,ID,32,1,#CEBE70,0,46.73,-117,1
338,Louisiana Tech,Lady Techsters,57,LA TC,louisianatech,Ruston,LA,32,1,#3129E7,0,32.53,-92.64,1
339,New Mexico State,Aggies,29,NM ST,newmexicostate,Las Cruces,NM,32,1,#730000,0,32.32,-106.77,1
340,San Jose State,Spartans,2,SJ ST,sanjosestate,San Jose,CA,32,1,#005A94,0,37.3,-121.87,1
341,Texas State,Bobcats,7,SWTS ,texasstate,San Marcos,TX,32,1,#570318,0,29.88,-97.94,1
342,Texas-San Antonio,Roadrunners,36,TXSA ,texassanantonio,San Antonio,TX,32,1,#113B7D,0,29.45,-98.51,1
343,Utah State,Aggies,27,UTST ,utahstate,Logan,UT,32,1,#020767,0,41.74,-111.83,1
