31,,,,,,,,
ID,Name,Teams,Day1,Day2,Day3,Day4,Prestige,Host
1,Preseason WNIT,16,1,2,3,4,3,0
2,NM Aggie Hotel Encanto Classic,4,9,10,0,0,1,0
3,Bahamas Sunsplash Shootout,4,34,35,0,0,3,0
4,BTI Tip-Off Tournament,4,14,15,0,0,1,0
5,Big Easy Classic,4,20,21,0,0,1,0
6,BTI Classic,8,45,48,49,0,2,0
7,Cal Poly Holiday Classic,4,17,18,0,0,2,0
8,Carribean Challenge,8,15,16,17,0,2,0
9,Commerce Bank Wildcat Classic,4,4,5,0,0,2,0
10,Great Alaska Shootout,4,13,14,0,0,2,0
11,Holiday Inn Thanksgiving,4,15,16,0,0,2,0
12,Hukilau Tournament,4,18,19,0,0,1,0
13,Rainbow Wahine Classic,4,8,9,0,0,3,0
14,Junkanoo Jam,8,16,17,18,0,3,0
15,Hawkeye Challenge,4,7,8,0,0,1,0
16,Lady Eagle Thanksgiving Classic,4,13,14,0,0,1,0
17,Duel in the Desert,4,29,30,0,0,2,0
18,Maggie Dixon Classic,4,33,34,0,0,3,0
19,Dead River Classic,4,14,15,0,0,3,0
20,Navy Classic,4,1,2,0,0,1,0
21,Nugget Classic,4,14,15,0,0,2,0
22,Omni Hotels Classic,4,12,13,0,0,1,0
23,Paradise Jam,8,12,13,14,0,3,0
24,Saint Mary's Hilton,4,8,9,0,0,2,0
25,Surf N' Slam,8,49,50,51,0,2,0
26,Hoops for the Cure,4,14,15,0,0,1,0
27,Subway Classic,4,9,10,0,0,2,0
28,Terrapin Classic,4,48,49,0,0,2,0
29,WBCA Classic,4,26,27,0,0,2,0
30,WV Basketball Classic,4,16,17,0,0,1,0
31,WV Invitational,4,2,3,0,0,1,0
